customer_id,age,annual_income_gbp,employment_status,employment_length_years,loan_amount_gbp,loan_term_months,interest_rate_pct,credit_score,outstanding_balance_gbp,days_past_due,previous_defaults,loan_type,default_flag
100000,43,73100,Employed,1.8,25400,36,5.74,845,19000,90,0,Unsecured Personal Loan,0
100001,37,57700,Employed,4.1,19200,12,5.64,565,13100,10,0,Unsecured Personal Loan,0
100002,44,37400,Employed,8.1,53200,24,4.77,639,8000,30,1,Unsecured Personal Loan,0
100003,53,,Employed,0.7,5500,36,12.55,670,5700,0,0,Mortgage,0
100004,36,51500,Contract,4.3,28400,60,10.03,715,8300,0,0,Auto Loan,0
100005,36,44200,Contract,3.5,26600,36,7.57,781,12300,0,0,Auto Loan,1
100006,54,56800,Employed,0.8,7500,48,11.55,678,7900,0,2,Unsecured Personal Loan,0
100007,46,49900,Retired,4.9,24400,36,2.96,,12300,10,2,Unsecured Personal Loan,0
100008,33,61400,Employed,1.6,16300,48,3.51,747,13500,0,0,Unsecured Personal Loan,0
100009,43,27800,Employed,3.3,11700,36,0.97,740,17700,0,1,Auto Loan,0
100010,33,70200,Employed,0.4,8100,48,5.4,525,24300,0,0,Auto Loan,0
100011,33,40100,Employed,3.1,8700,36,7.99,680,10500,90,0,Unsecured Personal Loan,0
100012,40,102500,Unemployed,1.8,45700,36,7.81,553,4000,0,0,Auto Loan,0
100013,19,25700,Unemployed,8.6,13400,36,7.95,627,7800,20,0,Mortgage,0
100014,21,86500,Employed,0.3,21400,36,3.27,608,10200,20,0,Unsecured Personal Loan,0
100015,32,40100,Employed,2.7,8300,12,9.91,745,2700,0,0,Auto Loan,0
100016,28,26200,Employed,3.1,8400,12,8.22,689,26200,0,3,Unsecured Personal Loan,0
100017,41,28500,Employed,6.5,25600,12,9.7,577,10900,30,1,Auto Loan,0
100018,29,30900,Employed,4.3,5900,48,1.82,750,12900,0,0,Auto Loan,0
100019,24,44900,Employed,5.5,10400,24,8.43,565,25700,60,0,Mortgage,0
100020,53,47200,Contract,7.5,13600,24,3.94,706,6400,0,0,Unsecured Personal Loan,0
100021,36,27300,Contract,9.9,14300,48,6.31,615,14800,0,0,Unsecured Personal Loan,0
100022,39,35900,Employed,1.9,12000,24,9.1,651,9200,30,0,Unsecured Personal Loan,0
100023,24,106000,Contract,3.9,16900,36,7.77,720,8700,30,0,Unsecured Personal Loan,0
100024,33,86100,Employed,9.2,20200,24,4.95,722,5800,120,0,Auto Loan,0
100025,39,226000,Employed,22.8,20800,60,7.52,787,31800,10,1,Mortgage,0
100026,26,37000,Employed,11,7400,48,2.91,673,7600,60,0,Unsecured Personal Loan,0
100027,42,38600,Self-Employed,2.3,11300,48,10.95,705,16100,30,0,Unsecured Personal Loan,0
100028,32,247000,Retired,1.1,27400,36,6.88,645,2700,30,0,Unsecured Personal Loan,0
100029,35,21800,Self-Employed,3.4,22900,48,10.86,695,22600,0,0,Unsecured Personal Loan,0
100030,32,31900,Employed,6.8,5900,12,5.92,715,20700,0,1,Unsecured Personal Loan,0
100031,57,15800,Self-Employed,3.4,16500,12,5.93,672,10600,60,0,Unsecured Personal Loan,1
100032,38,44300,Employed,3.3,4100,12,5.21,536,8400,0,2,Auto Loan,0
100033,27,50200,Contract,9.1,13700,36,10.13,,13100,0,3,Unsecured Personal Loan,0
100034,46,28500,Employed,2.2,41700,36,5.37,709,49100,0,0,Auto Loan,0
100035,26,79800,Employed,9.8,7600,36,9.43,626,2900,0,0,Auto Loan,0
100036,40,19700,Self-Employed,2.6,8100,12,6.35,,17100,0,1,Unsecured Personal Loan,0
100037,18,17500,Self-Employed,2,21100,36,1.57,798,5200,0,3,Auto Loan,0
100038,25,40600,Employed,3,5300,48,5.79,719,9800,30,0,Auto Loan,0
100039,40,61300,Self-Employed,7.2,9100,36,3.96,662,8300,0,1,Auto Loan,0
100040,45,84300,Employed,0.7,19100,48,7.6,589,7300,0,1,Unsecured Personal Loan,0
100041,40,28900,Unemployed,1.1,9100,24,3.93,614,9800,0,0,Unsecured Personal Loan,0
100042,37,62300,Contract,15.1,11600,48,10.28,784,4500,0,0,Mortgage,0
100043,35,35600,Contract,1,20900,36,7.23,691,20300,0,1,Auto Loan,0
100044,23,33300,Self-Employed,4.2,17200,24,6.97,636,2800,10,0,Unsecured Personal Loan,0
100045,31,56500,Employed,4.3,15700,24,9.47,721,14400,0,0,Unsecured Personal Loan,0
100046,33,50300,Employed,3.4,10900,36,10.39,615,7900,60,0,Unsecured Personal Loan,0
100047,49,16500,Unemployed,5.2,66800,48,7.44,800,4400,0,0,Unsecured Personal Loan,0
100048,41,,Employed,1.3,12400,36,5.19,,11400,0,0,Auto Loan,0
100049,20,72400,Employed,4,17600,24,2.18,643,3300,0,2,Unsecured Personal Loan,0
100050,41,26600,Employed,2.3,9900,48,5.44,630,10200,0,0,Unsecured Personal Loan,0
100051,34,44300,Employed,5.4,12000,36,5.65,471,3700,20,0,Auto Loan,0
100052,31,46500,Self-Employed,0.8,7400,36,7.82,561,13700,30,0,Unsecured Personal Loan,0
100053,44,41400,Employed,4.2,13100,36,6.46,573,5200,0,0,Auto Loan,0
100054,48,27600,Unemployed,1,8200,24,9.56,691,7200,0,0,Auto Loan,0
100055,47,26000,Employed,1.6,6800,36,5.66,654,12200,0,0,Unsecured Personal Loan,0
100056,30,35900,Employed,1.2,15600,24,7.33,572,5800,0,0,Auto Loan,1
100057,35,65300,Employed,1,15200,60,11.05,658,9500,90,0,Auto Loan,0
100058,41,47700,Employed,8.7,21400,36,8.53,720,3400,0,0,Unsecured Personal Loan,0
100059,48,30200,Employed,1.7,10300,36,7.32,722,15400,10,0,Unsecured Personal Loan,0
100060,33,53400,Unemployed,13.1,17100,36,5.69,528,34000,0,2,Auto Loan,0
100061,36,8700,Employed,17.5,18600,60,5.6,670,69900,0,0,Mortgage,0
100062,27,64500,Contract,4.2,17400,48,4.95,569,10500,0,0,Auto Loan,0
100063,26,15200,Employed,,8100,36,5.88,752,17200,0,0,Unsecured Personal Loan,1
100064,46,30300,Employed,2.3,14600,48,9.77,743,2800,20,0,Auto Loan,0
100065,52,20700,Unemployed,8,16600,36,6.83,608,28300,0,0,Unsecured Personal Loan,0
100066,37,19000,Employed,2.3,13400,36,3.45,619,17000,10,0,Auto Loan,0
100067,48,64900,Employed,0.5,3800,24,12.8,643,7100,0,0,Auto Loan,0
100068,42,28700,Employed,,14700,36,8.46,500,23500,90,1,Auto Loan,1
100069,32,43200,Employed,9.3,50400,24,3.28,707,8300,0,2,Mortgage,0
100070,42,35500,Contract,7.9,10800,60,6.17,658,7200,30,0,Auto Loan,0
100071,53,46100,Employed,1,8600,24,7.83,758,13800,20,0,Auto Loan,0
100072,38,37700,Unemployed,5.6,16700,60,12.61,592,4700,90,0,Unsecured Personal Loan,1
100073,54,19100,Contract,1.2,16100,36,4.18,630,20200,0,2,Mortgage,0
100074,18,59800,Employed,1.2,27300,36,10.43,559,4700,10,2,Mortgage,0
100075,46,28400,Contract,10.4,6300,36,11.7,600,4700,0,0,Unsecured Personal Loan,0
100076,39,16700,Employed,1.4,20700,12,5.61,585,5200,0,0,Unsecured Personal Loan,1
100077,35,29300,Retired,1.5,19000,24,6.67,,16800,0,0,Unsecured Personal Loan,0
100078,39,76900,Employed,0,12300,12,4.39,624,6400,0,0,Auto Loan,0
100079,18,55600,Self-Employed,10.2,16400,36,6.89,690,3900,120,0,Auto Loan,0
100080,36,30500,Employed,7.9,24800,36,7.39,650,6500,0,0,Unsecured Personal Loan,0
100081,42,,Employed,4.9,22500,48,9.48,578,9700,0,0,Mortgage,0
100082,53,30900,Self-Employed,6.9,6700,24,10.77,667,4300,0,2,Unsecured Personal Loan,0
100083,33,102600,Unemployed,0.8,21900,24,5.26,728,4400,0,3,Auto Loan,0
100084,30,44000,Employed,3.1,12900,36,1.6,583,43400,10,0,Unsecured Personal Loan,1
100085,33,45000,Employed,2.2,14000,60,7.44,745,5400,0,0,Unsecured Personal Loan,0
100086,47,60800,Unemployed,0.5,14000,48,8.38,612,7900,0,1,Unsecured Personal Loan,0
100087,41,40900,Self-Employed,3.3,12200,36,8.25,641,7700,0,0,Unsecured Personal Loan,0
100088,33,31900,Retired,12.7,27300,36,6.52,722,7400,60,0,Auto Loan,0
100089,43,32900,Unemployed,0.2,12700,12,7.87,627,15300,20,0,Auto Loan,0
100090,39,35000,Retired,1.7,6800,60,12.05,683,19200,90,0,Unsecured Personal Loan,0
100091,48,35600,Unemployed,1.2,10600,36,8.65,655,8000,0,0,Unsecured Personal Loan,0
100092,31,52300,Employed,1.4,14900,24,6.38,690,4200,0,0,Unsecured Personal Loan,0
100093,35,37300,Employed,12,27900,36,6,490,24200,0,0,Auto Loan,0
100094,34,,Unemployed,3.2,19200,12,6.99,534,9300,0,0,Auto Loan,0
100095,23,34900,Self-Employed,3.1,8000,60,12.41,729,33200,0,0,Unsecured Personal Loan,0
100096,41,37800,Employed,7.1,59300,24,6.95,763,2100,10,0,Auto Loan,0
100097,41,13400,Employed,0.8,15700,36,7.44,607,11300,0,1,Unsecured Personal Loan,0
100098,38,57400,Retired,,28700,24,6.05,660,37900,0,0,Mortgage,0
100099,36,43200,Employed,2.8,12200,48,10.8,704,7700,30,0,Mortgage,0
100100,24,59800,Employed,4.5,18400,48,13.38,735,8500,10,0,Auto Loan,0
100101,34,8500,Employed,38.6,22100,36,8.85,518,12200,0,0,Mortgage,1
100102,35,103200,Employed,7.3,27700,36,7.75,609,6700,0,0,Mortgage,0
100103,30,33900,Employed,2.5,25200,48,7.61,653,8000,0,0,Mortgage,0
100104,36,63200,Employed,8.8,22500,12,0.35,736,7800,0,0,Auto Loan,0
100105,42,21600,Employed,0.9,11100,24,9.74,880,6400,0,0,Unsecured Personal Loan,0
100106,57,49300,Unemployed,0.2,9500,24,7.9,662,23400,0,0,Unsecured Personal Loan,0
100107,40,21400,Employed,1.1,16300,60,8.79,567,13700,30,0,Unsecured Personal Loan,0
100108,41,26600,Contract,2.1,23400,24,5.37,712,11800,20,0,Auto Loan,1
100109,37,94600,Contract,3.6,11700,48,6.35,786,17400,0,0,Unsecured Personal Loan,0
100110,19,33000,Employed,4.8,25300,36,6.27,689,8200,0,0,Unsecured Personal Loan,0
100111,38,40500,Self-Employed,12.1,31900,24,10.56,607,5800,0,0,Unsecured Personal Loan,0
100112,39,56100,Employed,3.6,7700,24,6.36,757,6500,20,0,Unsecured Personal Loan,0
100113,63,46500,Contract,3.5,8100,24,13.75,733,9900,0,0,Auto Loan,0
100114,36,39200,Employed,,12300,36,8.79,598,4700,0,0,Mortgage,0
100115,41,43600,Self-Employed,0.2,16100,24,3.67,711,7000,0,0,Auto Loan,0
100116,38,,Self-Employed,4,9800,12,7.11,760,6900,0,0,Auto Loan,0
100117,26,35300,Employed,2.9,30100,48,5.54,775,43800,20,0,Auto Loan,0
100118,49,40200,Employed,9.1,17200,60,0.92,675,1400,0,0,Unsecured Personal Loan,0
100119,46,61400,Self-Employed,0.9,13700,24,12.3,651,8700,0,3,Unsecured Personal Loan,0
100120,46,63100,Unemployed,0.1,5600,24,9.61,778,33100,0,1,Mortgage,0
100121,29,65700,Employed,3,6100,12,9.1,583,10800,0,0,Unsecured Personal Loan,0
100122,52,50000,Self-Employed,1.4,15800,36,8,715,16800,30,0,Unsecured Personal Loan,0
100123,24,20500,Employed,0.3,3700,48,3.35,570,10600,30,0,Auto Loan,0
100124,44,82200,Unemployed,6.4,24500,12,6.05,765,6200,0,0,Unsecured Personal Loan,0
100125,60,20500,Employed,0.6,12200,24,10.03,659,2100,0,0,Unsecured Personal Loan,0
100126,28,42200,Contract,4.7,93500,48,4.35,781,11400,0,0,Unsecured Personal Loan,0
100127,32,24900,Employed,1.6,53400,36,-0.1,719,5800,0,1,Unsecured Personal Loan,0
100128,39,35200,Employed,1,12000,12,6.82,582,5700,0,0,Unsecured Personal Loan,0
100129,33,42800,Employed,2.4,12500,36,7.07,794,7000,10,0,Unsecured Personal Loan,0
100130,22,42600,Employed,8.1,24300,24,7.91,804,33600,0,0,Auto Loan,0
100131,39,44800,Employed,2.5,37100,24,9.69,751,53300,0,0,Mortgage,0
100132,27,81400,Employed,6.9,5000,48,9.41,619,11500,0,1,Unsecured Personal Loan,0
100133,43,45600,Contract,0.7,4600,48,8.28,656,7100,20,1,Mortgage,0
100134,29,32100,Employed,,9200,36,11.09,692,4300,0,2,Unsecured Personal Loan,0
100135,53,58800,Employed,1.4,19000,60,2.94,624,13700,10,0,Unsecured Personal Loan,0
100136,30,65800,Employed,5.7,18000,36,9.01,815,34500,0,0,Unsecured Personal Loan,0
100137,35,19700,Employed,4.2,25400,48,9.38,692,8300,0,0,Auto Loan,0
100138,46,49000,Employed,,6500,36,3.78,464,1900,10,0,Unsecured Personal Loan,0
100139,26,51600,Employed,2.4,3300,48,2.99,707,15800,0,0,Auto Loan,0
100140,40,31300,Employed,0.3,22400,60,5.26,652,19700,20,0,Auto Loan,0
100141,51,72200,Employed,0.1,8100,12,5.52,674,3300,0,0,Auto Loan,0
100142,22,33700,Employed,8.8,4000,60,9.76,651,11200,0,0,Auto Loan,0
100143,40,38700,Self-Employed,3.7,14600,48,5.66,745,13600,0,0,Mortgage,0
100144,41,33300,Employed,7.5,21500,48,4.93,770,9400,0,0,Unsecured Personal Loan,0
100145,46,36600,Employed,1.3,12400,24,5.67,703,5700,0,0,Unsecured Personal Loan,0
100146,26,21000,Retired,2.1,10200,48,10.86,653,20200,0,0,Auto Loan,0
100147,25,17700,Employed,0.2,12100,48,7.54,677,7500,10,0,Auto Loan,0
100148,43,80600,Self-Employed,16.3,10700,24,6.96,682,3500,0,0,Unsecured Personal Loan,0
100149,41,23800,Employed,5.5,6000,60,7.17,616,2400,0,0,Unsecured Personal Loan,0
100150,41,22100,Unemployed,13.5,8700,12,11.38,726,23900,0,3,Unsecured Personal Loan,0
100151,41,12400,Unemployed,1.5,18300,12,5.25,717,15200,0,0,Unsecured Personal Loan,0
100152,31,26400,Employed,4.7,16200,36,11.45,803,10500,0,0,Unsecured Personal Loan,0
100153,40,,Retired,5.7,14800,36,8.13,780,7300,10,0,Mortgage,0
100154,41,82500,Employed,1.9,7400,36,7.02,625,6800,20,1,Auto Loan,0
100155,31,60200,Employed,9.4,12000,12,15,746,4700,0,0,Unsecured Personal Loan,0
100156,57,25700,Unemployed,14.7,3600,60,4.33,604,7300,90,0,Auto Loan,1
100157,43,112000,Contract,10.8,14900,12,6.44,736,2200,0,0,Mortgage,0
100158,26,59300,Employed,6.7,31500,12,3.8,639,5900,60,0,Unsecured Personal Loan,0
100159,45,30900,Employed,1.6,5500,12,10.36,598,8000,10,0,Unsecured Personal Loan,0
100160,28,10400,Employed,1.7,9400,36,12.57,702,15200,10,0,Auto Loan,0
100161,46,114200,Employed,16.5,16300,60,12.51,466,9600,0,1,Auto Loan,0
100162,50,18100,Unemployed,0.1,28300,36,11.17,540,17300,0,1,Unsecured Personal Loan,0
100163,30,16000,Employed,6.3,10200,48,6.91,666,25400,0,0,Mortgage,0
100164,48,60600,Employed,6.1,8800,12,6.4,687,20800,10,0,Unsecured Personal Loan,0
100165,42,123000,Employed,4.9,4100,36,2.49,,13800,0,0,Unsecured Personal Loan,0
100166,46,72600,Employed,23.1,14200,36,13.61,554,10000,20,1,Unsecured Personal Loan,0
100167,57,48100,Employed,1.9,45500,36,8.91,615,5000,0,0,Unsecured Personal Loan,0
100168,36,48900,Self-Employed,2.1,15800,12,6.02,711,16600,20,3,Auto Loan,0
100169,30,55600,Retired,0.4,13200,36,11.48,727,32100,0,0,Mortgage,0
100170,29,53100,Contract,2.9,16200,36,4.58,679,12600,0,0,Unsecured Personal Loan,0
100171,30,41800,Employed,1.5,13300,48,8.72,773,37900,0,1,Mortgage,0
100172,37,38300,Contract,2.1,8200,36,6.98,712,3400,0,0,Mortgage,0
100173,41,35200,Unemployed,9,21900,12,9.42,620,4400,0,0,Unsecured Personal Loan,0
100174,41,24900,Unemployed,13.7,15300,36,7.31,658,18000,20,0,Auto Loan,0
100175,46,31600,Employed,1,13500,24,3.15,568,11900,0,0,Unsecured Personal Loan,0
100176,38,15600,Employed,,7400,48,7.73,671,24800,0,0,Auto Loan,0
100177,53,34600,Employed,,29200,36,10.65,769,9800,30,0,Unsecured Personal Loan,0
100178,35,,Employed,0.3,19900,24,7.41,735,5400,0,0,Auto Loan,1
100179,65,20900,Employed,0.5,9600,60,9.83,792,8500,60,3,Unsecured Personal Loan,0
100180,44,39700,Employed,0.9,24400,36,4.36,656,3400,120,3,Mortgage,1
100181,29,72800,Employed,4.5,9900,12,7.42,788,4500,0,0,Mortgage,0
100182,27,57500,Unemployed,0.8,8400,36,5.63,665,19500,0,0,Unsecured Personal Loan,0
100183,43,16600,Employed,17.2,8500,24,9.74,798,18200,0,0,Unsecured Personal Loan,0
100184,36,22100,Employed,3,4600,48,7.59,678,12800,20,0,Unsecured Personal Loan,0
100185,45,58100,Retired,3.5,17700,48,9.57,737,3000,0,0,Auto Loan,0
100186,43,22200,Contract,1.4,4500,60,10.76,798,7700,0,2,Unsecured Personal Loan,0
100187,37,32500,Unemployed,3.2,6400,36,9.57,665,4200,20,2,Auto Loan,0
100188,30,47800,Retired,5.4,3800,36,8.32,,22600,0,0,Unsecured Personal Loan,0
100189,23,22400,Employed,7,12700,48,4.51,783,6600,30,0,Unsecured Personal Loan,0
100190,34,38300,Retired,7,12200,12,7.49,669,4600,10,0,Unsecured Personal Loan,0
100191,47,18600,Employed,,11000,36,5.9,574,10100,0,0,Unsecured Personal Loan,0
100192,40,26900,Employed,11.7,7100,36,6.47,851,6300,30,0,Auto Loan,0
100193,26,42600,Employed,8.5,6600,12,6.38,642,28000,10,0,Mortgage,0
100194,40,16400,Employed,7.1,17700,36,4.56,693,5900,0,1,Unsecured Personal Loan,0
100195,42,45300,Employed,0.3,9600,48,1.63,772,3700,0,0,Auto Loan,0
100196,29,36000,Self-Employed,0,16200,48,5.5,,2200,0,2,Unsecured Personal Loan,0
100197,40,47900,Unemployed,1.2,7900,12,8.08,599,9700,0,0,Auto Loan,0
100198,39,40600,Self-Employed,5.4,14900,12,3.46,700,6700,90,0,Unsecured Personal Loan,1
100199,27,71800,Employed,2.6,29200,24,7.55,537,3600,0,1,Auto Loan,0
100200,42,38700,Contract,2.6,19000,48,13.2,657,22800,10,1,Mortgage,0
100201,44,29300,Self-Employed,10.8,10400,12,10.57,700,15800,0,0,Unsecured Personal Loan,0
100202,49,38600,Employed,11.3,15600,48,12.43,658,9700,0,0,Auto Loan,0
100203,49,47700,Self-Employed,12,11600,12,8.67,557,25700,60,2,Unsecured Personal Loan,0
100204,24,37200,Employed,1.9,13400,36,11,808,15700,30,0,Unsecured Personal Loan,0
100205,29,37100,Employed,5.9,11000,24,5.33,688,5600,0,0,Unsecured Personal Loan,0
100206,43,25600,Contract,1.6,12100,48,5.57,794,4800,0,0,Unsecured Personal Loan,0
100207,43,26100,Employed,1.1,15200,24,-0.72,659,17500,0,1,Unsecured Personal Loan,0
100208,43,18000,Employed,1,7400,36,11.06,610,13100,0,1,Unsecured Personal Loan,0
100209,75,87100,Contract,2.1,7300,24,12.12,702,11100,0,2,Unsecured Personal Loan,1
100210,44,19500,Unemployed,2.8,23200,48,5.84,663,5500,0,0,Unsecured Personal Loan,0
100211,49,25700,Employed,8.9,5100,48,6.74,586,15100,90,0,Auto Loan,0
100212,48,25400,Employed,0.6,6400,12,5.24,798,5800,0,0,Mortgage,0
100213,45,56800,Employed,6.6,14700,48,8.65,630,9200,30,1,Unsecured Personal Loan,0
100214,35,31300,Self-Employed,3.8,7800,36,10.87,533,27300,10,0,Unsecured Personal Loan,0
100215,46,67800,Employed,1.7,18200,12,2.27,786,6200,0,0,Unsecured Personal Loan,0
100216,30,25900,Employed,3.4,13600,36,8.73,640,3300,30,0,Mortgage,0
100217,36,41800,Retired,1.8,4100,24,6.67,631,4700,0,0,Auto Loan,0
100218,33,23900,Employed,4.5,19800,48,7.84,539,19900,30,1,Unsecured Personal Loan,0
100219,39,106100,Employed,2.8,21700,48,8.88,819,11800,0,0,Unsecured Personal Loan,0
100220,61,20100,Employed,0.9,7400,12,6.94,577,9000,0,3,Unsecured Personal Loan,0
100221,19,42400,Self-Employed,0.6,17200,36,7.19,685,6900,30,0,Unsecured Personal Loan,0
100222,45,49900,Employed,4,8000,48,6.86,753,13900,0,2,Mortgage,0
100223,22,44700,Employed,,14200,60,10.41,714,5500,30,1,Mortgage,0
100224,33,33100,Contract,2.1,6300,36,8.76,675,12300,60,0,Unsecured Personal Loan,0
100225,49,34000,Employed,6.6,4600,60,8.16,544,5900,0,3,Auto Loan,0
100226,39,37100,Employed,5.4,10600,36,3.69,615,5300,0,0,Unsecured Personal Loan,0
100227,27,33700,Employed,13.4,12400,24,6.36,695,6300,0,1,Unsecured Personal Loan,0
100228,31,58800,Employed,,10500,48,10.2,617,7600,0,1,Mortgage,1
100229,45,109700,Employed,4.2,6600,36,7.61,696,9600,20,1,Auto Loan,0
100230,31,27500,Employed,5.4,10500,36,9.48,735,11700,0,0,Unsecured Personal Loan,0
100231,40,,Employed,11.4,15700,36,12.8,757,700,0,0,Unsecured Personal Loan,0
100232,38,34700,Employed,2.6,13000,48,10.62,582,5600,10,0,Mortgage,0
100233,31,131900,Contract,2,14900,48,7.78,856,7500,0,0,Auto Loan,0
100234,59,24300,Retired,0.1,8900,36,5.97,741,28400,20,1,Unsecured Personal Loan,0
100235,44,82400,Unemployed,8.8,27000,24,-0.16,680,4600,0,1,Unsecured Personal Loan,0
100236,18,84000,Contract,8.1,6600,36,6.99,767,11100,60,2,Unsecured Personal Loan,0
100237,40,27500,Employed,0.6,17900,36,6.52,869,28200,0,0,Mortgage,0
100238,31,48300,Retired,4.3,108800,24,8.67,565,3900,0,1,Auto Loan,0
100239,47,82000,Employed,3.1,17800,48,7.04,662,13000,0,2,Unsecured Personal Loan,0
100240,30,30000,Retired,0.6,11800,36,6.54,,5600,0,1,Auto Loan,0
100241,37,32800,Retired,19.7,9700,24,2.16,,7000,90,0,Auto Loan,0
100242,43,27200,Unemployed,,24900,12,4.68,709,5600,0,0,Unsecured Personal Loan,0
100243,47,21900,Retired,0.3,5700,24,8.93,677,5900,20,0,Unsecured Personal Loan,0
100244,26,26200,Self-Employed,,7500,60,12.65,628,66500,0,0,Auto Loan,0
100245,35,19700,Employed,6.7,10500,24,7.21,516,17900,0,0,Auto Loan,0
100246,33,36900,Employed,0.2,28100,24,8.48,710,21400,0,3,Auto Loan,0
100247,31,24700,Self-Employed,5.4,16800,36,10.36,796,14000,0,0,Mortgage,0
100248,56,204000,Employed,3.8,7500,24,5.07,633,3200,0,0,Unsecured Personal Loan,0
100249,42,16700,Self-Employed,0.5,11100,12,8.6,715,13000,0,0,Unsecured Personal Loan,0
100250,25,42800,Retired,0.9,9200,24,5.28,555,21000,60,1,Mortgage,0
100251,47,55100,Employed,4.2,8700,36,10.09,717,5400,0,2,Unsecured Personal Loan,0
100252,59,,Unemployed,1.8,24000,36,7.95,649,19500,0,1,Auto Loan,0
100253,48,43800,Contract,13.9,5900,24,8.4,619,16200,0,0,Auto Loan,0
100254,23,67100,Contract,8.5,35100,36,5.15,619,36200,0,0,Auto Loan,0
100255,33,19800,Retired,20.5,22000,60,9.62,649,7400,60,1,Unsecured Personal Loan,1
100256,51,83800,Employed,1.5,25700,24,13.75,711,4600,0,0,Auto Loan,0
100257,31,44800,Retired,17.5,10100,24,4.48,,7700,0,0,Mortgage,0
100258,42,25500,Unemployed,2.8,12200,24,6.48,648,27000,0,0,Auto Loan,0
100259,46,,Employed,,5700,36,8.19,,2800,0,0,Unsecured Personal Loan,0
100260,29,48000,Employed,0.3,9800,48,9.86,592,2300,0,0,Unsecured Personal Loan,0
100261,37,37700,Unemployed,0.3,18000,24,5.82,824,10500,10,0,Unsecured Personal Loan,0
100262,18,47500,Employed,5.9,29100,48,-1,612,7300,0,0,Unsecured Personal Loan,0
100263,28,22900,Self-Employed,3.1,6900,12,11.58,626,10000,0,0,Unsecured Personal Loan,0
100264,35,39500,Self-Employed,1.3,10700,36,9.78,602,19200,20,0,Mortgage,0
100265,26,17900,Employed,4.8,12200,48,2.27,824,6700,0,0,Auto Loan,0
100266,54,34400,Self-Employed,1.5,5800,24,5.68,724,2700,30,0,Auto Loan,0
100267,24,23100,Unemployed,4.3,19000,36,12.2,605,41400,0,0,Auto Loan,0
100268,34,25100,Employed,2.2,8700,24,11.84,768,4900,30,0,Unsecured Personal Loan,0
100269,39,67400,Employed,8.7,11900,48,10.32,696,4700,0,0,Mortgage,0
100270,52,62700,Employed,8.6,10200,12,6.97,701,21400,0,0,Unsecured Personal Loan,0
100271,24,49200,Employed,3.2,8300,48,7.75,652,7600,0,0,Unsecured Personal Loan,0
100272,50,21000,Contract,2.2,13300,24,7.11,620,9500,0,0,Unsecured Personal Loan,0
100273,38,31000,Employed,2.3,11700,48,10.88,707,13900,0,1,Mortgage,0
100274,28,66600,Self-Employed,8.2,10700,24,4.87,636,21100,0,0,Mortgage,0
100275,43,,Employed,2,8600,48,5.08,825,7800,0,0,Unsecured Personal Loan,0
100276,40,115800,Employed,1.2,16200,24,10.53,578,28700,0,0,Mortgage,0
100277,32,44200,Contract,0.4,36000,60,7.37,803,2200,0,3,Unsecured Personal Loan,0
100278,39,40000,Unemployed,3.1,14500,12,11.64,671,16800,20,0,Unsecured Personal Loan,0
100279,34,31100,Employed,3.3,24300,24,5.49,704,5500,10,0,Mortgage,0
100280,39,38800,Employed,9.2,5800,36,7.34,747,25900,0,0,Mortgage,0
100281,45,33600,Employed,1.3,14700,12,4.73,,10900,0,1,Auto Loan,0
100282,54,51700,Employed,2.4,6900,24,7.52,749,6200,0,1,Auto Loan,1
100283,26,58600,Self-Employed,8.3,5500,60,3.06,,15700,0,0,Mortgage,0
100284,59,24500,Employed,8.7,8600,60,6.04,622,18500,30,0,Auto Loan,0
100285,18,18700,Employed,2.4,27300,24,3.19,606,15500,0,0,Mortgage,0
100286,36,14500,Employed,3.1,23600,60,9.58,580,4800,0,2,Auto Loan,1
100287,44,46800,Contract,1.8,15500,36,9.65,663,7100,10,0,Mortgage,0
100288,41,20900,Retired,13.5,5300,24,2.31,711,9900,0,0,Mortgage,0
100289,32,12400,Employed,0.6,11900,48,11.5,736,9600,30,2,Unsecured Personal Loan,1
100290,36,44100,Unemployed,,16000,36,14.99,699,16700,30,2,Mortgage,0
100291,33,,Employed,5.8,14800,60,7.64,627,2400,0,3,Unsecured Personal Loan,0
100292,32,36200,Employed,3.8,4400,24,5.58,710,12500,0,1,Unsecured Personal Loan,0
100293,46,55200,Unemployed,0.2,7800,36,15.97,690,8100,0,3,Auto Loan,0
100294,42,37800,Contract,3.2,12900,12,3.54,755,5500,0,0,Unsecured Personal Loan,0
100295,31,34600,Retired,2.6,18400,12,7.56,742,5900,0,1,Auto Loan,0
100296,47,57500,Self-Employed,0.9,3600,12,8.04,,8500,10,1,Mortgage,0
100297,41,,Employed,5.3,12100,60,11.54,608,800,0,0,Unsecured Personal Loan,0
100298,46,41500,Unemployed,17.7,14600,48,8.58,628,6100,0,0,Unsecured Personal Loan,0
100299,44,42700,Employed,4.1,22200,48,6,636,5400,0,3,Mortgage,0
100300,30,26000,Self-Employed,6.3,20200,36,4.65,655,14400,20,0,Unsecured Personal Loan,0
100301,32,59600,Employed,0.4,18900,24,6.47,701,5600,0,1,Unsecured Personal Loan,0
100302,45,33300,Self-Employed,2.7,8300,24,4.48,737,8500,30,0,Unsecured Personal Loan,0
100303,44,,Employed,0.6,4300,24,7.64,676,29100,0,0,Auto Loan,0
100304,38,47500,Employed,4.7,10600,24,5.81,681,19900,0,0,Auto Loan,0
100305,39,23200,Contract,13.9,24400,48,3.02,691,18600,30,0,Mortgage,0
100306,51,36800,Employed,5.4,30800,36,11.27,639,7000,30,0,Unsecured Personal Loan,0
100307,32,36200,Employed,0.4,20500,12,6.01,606,14500,0,0,Mortgage,0
100308,43,62500,Employed,2.2,17300,12,3.7,540,8400,0,0,Auto Loan,0
100309,36,46000,Employed,4,16800,12,7,624,8600,20,0,Unsecured Personal Loan,0
100310,36,179500,Employed,2.6,9600,36,7.71,718,13200,0,0,Auto Loan,0
100311,49,54700,Employed,9,12400,60,2.26,624,6500,0,0,Auto Loan,0
100312,46,72800,Contract,8.4,36400,36,8.49,661,28100,60,1,Auto Loan,0
100313,46,48000,Employed,,7600,48,4.36,717,8800,0,0,Unsecured Personal Loan,0
100314,51,36500,Retired,2.3,35200,36,12.63,722,15300,0,0,Unsecured Personal Loan,0
100315,38,18800,Self-Employed,1.5,11000,24,9.07,594,27400,0,0,Unsecured Personal Loan,1
100316,45,21300,Employed,0.6,29600,12,6.3,760,20400,0,0,Unsecured Personal Loan,0
100317,35,31200,Self-Employed,2.2,5700,48,5.26,770,3700,10,0,Auto Loan,0
100318,41,26800,Employed,2.7,19000,48,7.19,590,13500,0,0,Unsecured Personal Loan,0
100319,37,33100,Unemployed,5.6,8600,24,9.34,614,18000,0,1,Auto Loan,0
100320,39,37400,Employed,5.4,5700,36,7.42,775,18500,0,2,Unsecured Personal Loan,0
100321,44,47300,Employed,0.4,15200,36,6.85,668,4500,10,1,Unsecured Personal Loan,1
100322,30,35100,Contract,2.5,24500,36,7.68,502,6200,0,0,Auto Loan,0
100323,59,46300,Contract,1,8000,60,5.69,568,19900,60,0,Unsecured Personal Loan,0
100324,28,37500,Contract,0.9,5400,36,6.47,660,5800,0,0,Mortgage,0
100325,26,13500,Employed,8.8,12600,36,1.24,587,8000,120,0,Unsecured Personal Loan,1
100326,50,22700,Unemployed,0.2,12700,12,10.42,647,29800,0,3,Unsecured Personal Loan,1
100327,46,33800,Employed,2.7,18600,12,8.4,683,9600,20,0,Mortgage,0
100328,44,19800,Employed,0.9,23600,24,5.18,797,6000,0,0,Auto Loan,1
100329,44,49000,Employed,10.6,12900,12,13.2,657,5400,0,0,Unsecured Personal Loan,0
100330,38,78100,Self-Employed,4.1,40700,48,7.76,766,12500,30,1,Unsecured Personal Loan,1
100331,29,66800,Employed,1.3,15300,48,4.39,794,3900,30,1,Auto Loan,0
100332,39,32600,Employed,3.5,10900,12,10.07,795,8300,0,0,Mortgage,0
100333,31,76500,Contract,6.6,5100,48,8.69,703,12500,10,2,Mortgage,0
100334,48,39100,Employed,15.9,11400,24,8.68,523,24600,0,0,Unsecured Personal Loan,0
100335,37,30700,Employed,1.2,10900,24,6.22,717,15800,30,2,Mortgage,0
100336,30,26700,Employed,10.9,23800,24,8.85,764,6000,0,2,Unsecured Personal Loan,0
100337,35,,Contract,13.6,17600,24,6.71,674,22600,0,1,Unsecured Personal Loan,0
100338,42,29900,Employed,12.4,6600,24,9.17,820,8000,0,0,Mortgage,0
100339,32,39500,Employed,5,14800,36,1.79,749,4200,0,0,Unsecured Personal Loan,0
100340,30,,Contract,5,20000,36,6.2,725,8800,30,0,Unsecured Personal Loan,0
100341,40,,Contract,2.6,33400,60,12.67,767,27100,0,0,Unsecured Personal Loan,0
100342,40,,Employed,7,22800,12,5.2,707,11100,0,1,Unsecured Personal Loan,1
100343,33,65900,Self-Employed,3.8,21100,12,5.69,,10000,0,0,Auto Loan,1
100344,33,58400,Unemployed,5.7,13900,12,6.16,640,31100,10,0,Auto Loan,0
100345,40,17300,Self-Employed,2.8,16900,36,3.86,776,3600,0,1,Unsecured Personal Loan,0
100346,24,10100,Employed,6.6,28300,12,0.88,615,4000,0,0,Auto Loan,0
100347,24,57900,Contract,8.7,6000,48,6.81,662,3200,60,0,Mortgage,0
100348,31,18300,Employed,0.8,10800,36,7.91,596,12800,0,0,Mortgage,0
100349,36,32500,Employed,8.9,8400,36,7.34,823,11100,10,0,Unsecured Personal Loan,0
100350,41,20200,Employed,3.9,16800,36,7.07,815,29100,10,0,Mortgage,0
100351,53,14800,Employed,9.3,27900,24,7.63,609,11700,0,1,Auto Loan,0
100352,47,47600,Employed,2.8,9300,24,10.57,692,7500,60,0,Unsecured Personal Loan,0
100353,36,53100,Unemployed,2.4,3200,24,6.93,626,9900,10,2,Unsecured Personal Loan,0
100354,38,27200,Employed,12.3,10400,36,5.78,729,10700,0,0,Unsecured Personal Loan,0
100355,28,9900,Employed,1.4,23100,24,6.66,721,3100,0,0,Auto Loan,0
100356,38,27600,Employed,9.3,18400,12,9.24,745,66000,10,0,Unsecured Personal Loan,0
100357,35,44200,Employed,3.3,17300,60,11.74,707,14200,0,0,Auto Loan,0
100358,41,17300,Retired,3.6,11300,12,5.62,915,11500,30,0,Unsecured Personal Loan,0
100359,30,39800,Employed,1.8,6200,48,7.8,598,15200,0,0,Mortgage,0
100360,43,36000,Employed,,18200,48,8.52,543,16300,0,0,Unsecured Personal Loan,1
100361,53,48500,Employed,2,8100,24,4.52,649,9000,0,0,Mortgage,0
100362,37,38600,Employed,0.2,49500,12,7.56,555,6400,0,0,Mortgage,0
100363,42,22300,Employed,1.6,18800,12,3.1,561,15100,0,0,Unsecured Personal Loan,0
100364,45,66100,Unemployed,0,9400,36,2.19,600,13000,30,1,Unsecured Personal Loan,0
100365,34,33500,Retired,19.2,9300,36,8.6,606,5600,10,2,Unsecured Personal Loan,0
100366,40,35800,Employed,16.9,12600,48,6.35,604,26700,10,0,Mortgage,0
100367,38,22800,Self-Employed,2.5,11600,60,8.11,721,12200,0,0,Auto Loan,0
100368,39,29100,Unemployed,6.5,26100,36,7.45,640,16500,30,2,Unsecured Personal Loan,0
100369,30,23300,Contract,2.1,14900,24,4.57,666,26200,0,0,Unsecured Personal Loan,0
100370,38,33300,Employed,5.6,8600,24,7.36,752,10000,30,3,Unsecured Personal Loan,0
100371,43,85500,Employed,8.2,41500,48,3.8,619,12400,0,0,Mortgage,0
100372,53,18300,Employed,14.7,13800,24,11.67,659,17400,60,1,Auto Loan,1
100373,48,16200,Unemployed,2.6,21200,12,3.43,709,6000,10,0,Mortgage,0
100374,60,,Contract,7.6,9300,48,6.91,525,10300,0,2,Unsecured Personal Loan,0
100375,30,32700,Employed,1.5,16600,36,4.37,489,10800,0,0,Unsecured Personal Loan,0
100376,47,26000,Employed,23.2,16100,60,9.21,708,5100,0,0,Mortgage,0
100377,40,61100,Contract,0.1,4300,36,6.51,719,50100,0,0,Unsecured Personal Loan,0
100378,60,26800,Contract,4.6,44800,12,5.94,845,3700,0,0,Mortgage,0
100379,30,90500,Retired,5.4,29000,60,10.06,693,4000,0,1,Unsecured Personal Loan,0
100380,30,51000,Unemployed,5.8,10500,24,7.59,746,24800,0,0,Unsecured Personal Loan,0
100381,32,28500,Employed,0.6,6900,24,9.05,,16300,60,2,Auto Loan,1
100382,18,106800,Self-Employed,13.9,16500,36,4.56,704,4800,0,0,Mortgage,0
100383,33,26800,Self-Employed,1,14100,12,3.29,813,15100,30,1,Mortgage,0
100384,30,52600,Employed,4.9,16500,36,7.82,510,27700,10,0,Unsecured Personal Loan,0
100385,40,,Employed,1.3,15000,12,6.54,713,9700,0,3,Unsecured Personal Loan,1
100386,41,69600,Unemployed,1.8,18100,36,9.38,851,61000,0,2,Auto Loan,0
100387,57,79300,Employed,,31800,24,7.26,703,3000,10,0,Auto Loan,0
100388,48,36900,Unemployed,2.7,18800,48,8.12,812,16100,90,1,Auto Loan,0
100389,32,24900,Self-Employed,0.9,7100,48,2.63,630,22400,0,1,Unsecured Personal Loan,0
100390,29,45700,Retired,0.9,30300,24,13.17,677,18500,30,0,Mortgage,0
100391,43,25900,Employed,2.7,35800,24,7.01,683,8600,60,0,Auto Loan,0
100392,25,99400,Employed,7.1,88500,24,9.59,503,8100,10,0,Mortgage,1
100393,56,,Self-Employed,11.4,6800,24,4.99,587,13500,60,1,Auto Loan,0
100394,50,30300,Employed,0.4,15500,48,8.42,592,17500,0,0,Unsecured Personal Loan,1
100395,33,39800,Unemployed,2.5,3800,48,3.59,746,15100,90,0,Mortgage,0
100396,21,18500,Unemployed,0.5,18600,24,8.86,750,20500,10,0,Auto Loan,0
100397,52,22300,Employed,0.1,9600,24,6.43,706,4900,0,0,Mortgage,0
100398,37,66200,Employed,5.4,42400,12,7.59,746,8400,60,1,Mortgage,0
100399,50,26100,Employed,4.6,8400,36,9.59,,5100,0,3,Auto Loan,0
100400,22,21500,Employed,0.9,4800,12,3.8,776,7600,0,0,Auto Loan,0
100401,32,47500,Contract,1.3,10100,60,5.45,681,20100,0,0,Unsecured Personal Loan,0
100402,38,65700,Contract,0.1,4100,48,8.87,,10700,0,0,Unsecured Personal Loan,0
100403,38,52000,Self-Employed,9,21000,24,13.79,,61400,0,0,Unsecured Personal Loan,0
100404,33,59800,Unemployed,18.4,3900,36,7.09,735,11300,30,0,Unsecured Personal Loan,0
100405,44,24900,Employed,0.7,13600,60,9.27,646,10300,0,0,Unsecured Personal Loan,0
100406,27,17800,Contract,1.3,3800,36,7.18,758,10700,0,0,Unsecured Personal Loan,0
100407,37,76900,Self-Employed,10.1,11000,24,13.33,589,6300,0,0,Unsecured Personal Loan,0
100408,39,30900,Unemployed,13,35800,24,2.26,592,9500,0,1,Unsecured Personal Loan,1
100409,43,32000,Contract,2.7,16600,48,7.78,735,21800,10,0,Unsecured Personal Loan,0
100410,45,70600,Employed,0.3,8000,36,2.62,673,10700,20,1,Unsecured Personal Loan,0
100411,27,48000,Contract,0.2,13100,36,-0.02,644,5700,60,0,Auto Loan,0
100412,23,45600,Employed,4.3,13500,48,8.39,751,5200,0,0,Auto Loan,0
100413,51,107200,Employed,2.5,17700,48,7.92,631,7200,0,1,Unsecured Personal Loan,0
100414,41,26300,Employed,0.1,5900,60,6.65,664,10400,60,0,Auto Loan,0
100415,31,57800,Retired,4.4,19100,12,7.18,,22800,20,0,Mortgage,0
100416,54,37400,Contract,0.1,2600,36,16.79,803,3900,0,0,Unsecured Personal Loan,0
100417,39,41500,Unemployed,7.7,9200,48,6.73,806,7900,10,0,Auto Loan,0
100418,50,78000,Unemployed,1.8,10000,48,9.03,,10900,60,1,Mortgage,0
100419,39,,Self-Employed,0.2,19500,36,5.55,778,2700,10,0,Mortgage,0
100420,59,47500,Contract,4.4,13500,24,8.39,604,5500,0,0,Unsecured Personal Loan,0
100421,56,62100,Employed,2.5,5700,48,6.79,607,6100,10,0,Auto Loan,0
100422,36,30300,Employed,18.2,7400,48,6.27,492,5700,0,0,Unsecured Personal Loan,0
100423,48,23900,Employed,3.9,15100,12,12.96,814,11300,0,3,Auto Loan,0
100424,44,21500,Unemployed,1.6,12700,36,11.03,611,8800,0,1,Mortgage,1
100425,52,,Unemployed,6.2,9400,24,7.91,670,6700,0,0,Auto Loan,0
100426,28,101500,Employed,1.6,10000,24,0.59,607,13400,0,0,Mortgage,0
100427,45,20900,Employed,11.7,20300,12,6.42,736,33100,0,0,Unsecured Personal Loan,0
100428,49,32500,Contract,2.3,9800,36,15.61,650,31200,10,0,Mortgage,0
100429,20,31600,Employed,4,12700,36,6.81,576,2600,20,1,Auto Loan,0
100430,26,42300,Unemployed,0.3,49100,36,10.81,715,14800,120,0,Unsecured Personal Loan,0
100431,18,54600,Retired,2.8,5700,36,11.83,565,8700,0,0,Auto Loan,0
100432,35,55800,Employed,8.9,4400,48,8.16,613,11000,0,1,Unsecured Personal Loan,0
100433,45,27100,Employed,8.2,21400,24,4.97,511,7500,60,0,Unsecured Personal Loan,1
100434,53,33400,Unemployed,1.3,8900,12,0.19,566,10700,0,0,Mortgage,0
100435,39,41800,Contract,,11000,48,9.55,694,11000,10,0,Unsecured Personal Loan,0
100436,54,32100,Employed,8.5,8400,24,5.06,523,6600,20,2,Auto Loan,0
100437,24,81100,Retired,13.3,11400,60,8.03,562,5300,0,1,Unsecured Personal Loan,1
100438,21,46400,Employed,0.5,34900,48,3.75,680,7200,30,0,Unsecured Personal Loan,0
100439,37,52400,Employed,3,21600,36,6.7,,11700,20,0,Mortgage,0
100440,42,50600,Unemployed,2.1,22400,60,7.6,839,15100,0,2,Unsecured Personal Loan,0
100441,38,65300,Contract,10.2,5700,12,8.31,827,18000,0,0,Auto Loan,0
100442,18,39800,Employed,0.4,6700,24,4.16,611,7000,0,0,Auto Loan,0
100443,37,19000,Contract,1.2,2400,36,11.09,725,12100,0,3,Auto Loan,0
100444,25,44300,Self-Employed,7,8200,24,5.71,740,19400,0,1,Mortgage,0
100445,45,26200,Employed,0.3,23700,60,2.48,632,22400,0,0,Auto Loan,0
100446,42,27900,Employed,3.4,18200,12,7.17,560,9500,0,0,Unsecured Personal Loan,0
100447,29,48700,Contract,2.9,11700,36,7.6,679,8500,60,0,Mortgage,0
100448,33,67400,Employed,2,13200,36,7.98,666,11300,0,0,Unsecured Personal Loan,0
100449,27,36700,Employed,2.5,8800,36,11.59,645,4400,0,2,Auto Loan,1
100450,37,,Employed,3.8,15100,24,6.79,715,8600,0,0,Mortgage,0
100451,48,85100,Contract,0.9,21200,24,7.14,620,16700,0,1,Auto Loan,0
100452,28,41000,Self-Employed,4.2,5100,48,4.19,588,15500,0,0,Mortgage,0
100453,43,133400,Unemployed,8.2,16000,24,9.96,689,8200,0,0,Auto Loan,0
100454,33,48200,Employed,7.1,23400,48,8.05,711,11500,0,0,Mortgage,0
100455,30,15100,Self-Employed,0.8,10400,36,6.24,586,5600,20,1,Mortgage,0
100456,37,52900,Self-Employed,0.8,20300,48,1.79,754,16200,120,0,Unsecured Personal Loan,0
100457,28,43900,Contract,1.6,72300,48,11.83,538,9400,0,0,Unsecured Personal Loan,0
100458,32,69200,Contract,2.2,12500,24,3.82,634,8200,0,0,Unsecured Personal Loan,0
100459,26,50800,Employed,2.6,16900,36,5.73,659,7700,0,0,Auto Loan,0
100460,58,33900,Self-Employed,5.7,8600,48,8.58,629,9500,10,0,Unsecured Personal Loan,0
100461,38,19700,Employed,0.3,14900,36,3.91,635,7200,0,0,Unsecured Personal Loan,0
100462,31,32700,Employed,0.2,17600,60,3.02,,15700,60,0,Unsecured Personal Loan,0
100463,40,23700,Employed,2.5,15000,36,1.13,612,7500,0,0,Mortgage,0
100464,37,27200,Employed,6,7200,12,9.66,875,30200,0,0,Auto Loan,0
100465,36,48700,Employed,1.1,15100,24,5.86,715,27600,0,0,Unsecured Personal Loan,0
100466,44,83700,Self-Employed,5.1,32100,60,16.28,687,5300,90,0,Unsecured Personal Loan,1
100467,46,44200,Employed,1.5,17500,24,4.52,718,10400,20,0,Unsecured Personal Loan,0
100468,33,20000,Unemployed,10.9,23800,48,4.74,882,6300,0,0,Unsecured Personal Loan,0
100469,32,45400,Employed,11.3,11600,48,5.8,601,7900,0,1,Unsecured Personal Loan,1
100470,35,66100,Employed,1.8,21000,24,8.23,590,40200,0,0,Mortgage,0
100471,18,26800,Unemployed,1.3,15800,12,6.09,620,8000,0,0,Mortgage,0
100472,23,,Employed,2.6,7600,48,9.34,683,12700,10,0,Unsecured Personal Loan,0
100473,52,36600,Employed,1.4,16200,24,4.56,542,14500,30,1,Unsecured Personal Loan,1
100474,54,24500,Self-Employed,5.6,7400,48,3.36,682,4900,10,0,Unsecured Personal Loan,0
100475,36,50200,Employed,8.7,9100,36,2.11,815,5400,120,0,Unsecured Personal Loan,1
100476,44,34200,Employed,5.6,15000,36,0.83,692,4300,0,0,Unsecured Personal Loan,0
100477,41,44800,Employed,,16000,48,5.95,657,5300,30,0,Unsecured Personal Loan,0
100478,69,23300,Contract,2.5,6500,24,6.6,,1300,20,3,Unsecured Personal Loan,0
100479,49,29200,Self-Employed,0.8,25100,36,5.61,752,14500,0,1,Auto Loan,0
100480,37,52100,Self-Employed,6.7,18800,24,11.23,614,41700,10,0,Auto Loan,0
100481,28,30100,Self-Employed,2.2,8800,24,11.18,828,11000,0,1,Auto Loan,0
100482,22,86100,Employed,5.6,5300,36,6.5,835,3700,20,1,Unsecured Personal Loan,0
100483,40,29700,Employed,1.6,12200,48,2.12,701,6300,0,0,Mortgage,0
100484,30,40600,Unemployed,0.4,10200,24,5.8,679,7200,0,0,Mortgage,0
100485,24,57900,Employed,24.5,14300,36,5.7,762,4900,10,0,Unsecured Personal Loan,0
100486,32,,Employed,0.8,10700,36,5.53,768,18100,0,0,Unsecured Personal Loan,0
100487,27,15100,Employed,22.3,4000,24,5.41,616,17500,0,0,Auto Loan,0
100488,55,16900,Employed,18.9,10600,24,5.54,638,4400,0,0,Unsecured Personal Loan,0
100489,47,68300,Retired,7.9,11100,60,6.34,574,16400,0,1,Unsecured Personal Loan,0
100490,38,27600,Employed,,78000,48,5.59,713,28800,0,3,Auto Loan,0
100491,53,130500,Employed,4.3,8800,36,8.12,733,37500,30,0,Auto Loan,0
100492,39,,Employed,10.1,36600,36,8.58,572,73500,60,0,Unsecured Personal Loan,0
100493,29,39800,Retired,1.7,4200,12,4.77,644,5300,0,1,Auto Loan,0
100494,53,78500,Employed,3.2,29300,36,11.31,572,71500,20,1,Mortgage,1
100495,43,99000,Employed,4.8,11700,36,4.56,608,7700,0,1,Unsecured Personal Loan,0
100496,28,101800,Unemployed,2.6,22400,36,2.65,724,6500,10,0,Auto Loan,0
100497,36,66400,Unemployed,2.8,14000,24,8.64,621,12400,0,0,Unsecured Personal Loan,0
100498,29,60600,Employed,2,26500,12,5.05,656,6600,0,0,Unsecured Personal Loan,0
100499,24,48800,Employed,,10600,24,8.46,550,13100,0,3,Auto Loan,0
100500,47,53600,Employed,9.5,6900,60,0.29,695,3900,0,0,Unsecured Personal Loan,0
100501,57,,Employed,1.1,31300,36,11.68,676,8400,10,2,Unsecured Personal Loan,0
100502,24,24100,Employed,13.6,12500,36,9.52,622,24300,30,0,Unsecured Personal Loan,0
100503,44,36300,Employed,,15300,12,3,665,9500,0,3,Auto Loan,0
100504,31,33400,Employed,8.7,28000,12,3.06,694,10900,0,0,Auto Loan,0
100505,33,29000,Employed,4.1,7200,48,12.52,615,13800,30,0,Unsecured Personal Loan,0
100506,32,51400,Self-Employed,7.6,19100,36,5.29,562,22500,20,0,Auto Loan,0
100507,29,58600,Retired,0.1,9400,36,5,824,3100,0,0,Unsecured Personal Loan,0
100508,38,38000,Self-Employed,,12300,24,0.7,629,14900,0,0,Auto Loan,0
100509,30,76000,Employed,0.2,14000,48,6.45,672,8200,10,0,Unsecured Personal Loan,0
100510,41,20500,Employed,11,5400,24,6.82,761,11100,0,0,Auto Loan,0
100511,37,33000,Retired,24.1,8400,24,9.65,962,20800,0,0,Mortgage,0
100512,36,25400,Employed,1.7,30100,36,3.3,580,4300,0,1,Mortgage,0
100513,29,14300,Employed,1.2,22700,24,2.94,716,4900,30,0,Unsecured Personal Loan,0
100514,32,34800,Self-Employed,7.2,12900,24,8.85,623,2600,10,0,Mortgage,0
100515,46,34200,Self-Employed,1.5,15500,36,10.52,637,6700,120,1,Unsecured Personal Loan,0
100516,43,77400,Self-Employed,10,11200,36,2.79,622,25100,20,0,Mortgage,0
100517,28,49800,Employed,0.5,30200,48,10.74,590,9100,60,2,Unsecured Personal Loan,1
100518,39,21800,Employed,0.7,11800,36,7.61,677,3900,0,0,Unsecured Personal Loan,0
100519,46,91800,Retired,19.4,15400,12,10.78,562,7000,20,0,Unsecured Personal Loan,0
100520,21,66900,Employed,5.6,26600,24,7.29,756,3500,0,0,Unsecured Personal Loan,0
100521,43,48600,Self-Employed,9.4,8400,60,-0.07,684,4500,10,0,Auto Loan,0
100522,31,,Unemployed,2,34000,36,7.04,714,13000,0,0,Mortgage,0
100523,44,22500,Self-Employed,5.6,5300,48,10.68,643,4400,0,0,Auto Loan,0
100524,30,30100,Employed,4.5,35500,12,4.82,651,21600,30,0,Auto Loan,0
100525,20,,Employed,,10700,36,6.34,703,9400,30,0,Auto Loan,0
100526,22,93200,Self-Employed,5.7,11500,12,6.97,587,10500,0,0,Unsecured Personal Loan,0
100527,38,78600,Contract,4.3,4300,36,-1.2,651,8100,0,0,Unsecured Personal Loan,0
100528,41,28400,Contract,2.8,10200,60,12.51,611,17000,0,0,Unsecured Personal Loan,0
100529,29,20700,Employed,1.6,7200,60,4.8,609,17100,0,0,Unsecured Personal Loan,0
100530,44,39000,Employed,7.3,9300,36,9.02,,12500,30,0,Unsecured Personal Loan,0
100531,21,15000,Contract,1.3,12300,36,7.24,787,14700,0,0,Unsecured Personal Loan,0
100532,37,42700,Unemployed,5.9,23700,60,11.27,625,8500,60,0,Unsecured Personal Loan,1
100533,26,33700,Contract,,15100,36,8.72,773,14500,0,0,Unsecured Personal Loan,0
100534,31,28800,Employed,4.9,16100,12,6.8,766,7800,10,0,Mortgage,0
100535,38,16400,Self-Employed,6.9,6900,36,4.82,577,9900,10,0,Unsecured Personal Loan,0
100536,29,46900,Unemployed,1.2,7900,24,9.89,593,8200,0,0,Auto Loan,0
100537,34,27800,Self-Employed,0.3,39300,36,1.88,885,7200,0,0,Auto Loan,0
100538,48,20200,Employed,0.7,8600,36,9.44,820,6100,30,0,Auto Loan,0
100539,32,8600,Employed,4.7,36100,36,4.2,677,13700,20,0,Unsecured Personal Loan,0
100540,46,35800,Self-Employed,9.5,11500,24,11.26,,24800,0,0,Unsecured Personal Loan,0
100541,27,88100,Employed,0.2,13400,24,7.98,630,22500,0,0,Unsecured Personal Loan,0
100542,43,83300,Employed,6.6,25400,36,9.43,715,4100,0,1,Unsecured Personal Loan,0
100543,52,28900,Retired,,28700,48,7.75,623,24400,0,1,Unsecured Personal Loan,1
100544,18,26900,Employed,3.3,12500,36,2.24,517,7900,0,0,Auto Loan,0
100545,30,45900,Contract,,10600,24,4.92,574,15100,0,0,Auto Loan,0
100546,44,22000,Employed,2,12900,60,9.52,682,5200,30,0,Auto Loan,0
100547,36,42200,Self-Employed,3.1,16400,60,8,590,10900,10,1,Unsecured Personal Loan,0
100548,42,53300,Retired,0.1,22800,24,11.04,675,12300,60,0,Unsecured Personal Loan,0
100549,32,67100,Employed,0.4,13400,12,8.71,594,3500,10,3,Mortgage,1
100550,39,34500,Employed,,19400,48,4.6,617,15200,60,0,Unsecured Personal Loan,1
100551,36,32800,Employed,0.1,35700,48,5.11,748,25400,0,0,Auto Loan,0
100552,50,23400,Employed,5,16800,60,7.81,700,8800,0,0,Auto Loan,0
100553,41,24000,Unemployed,2.8,16100,48,0.56,679,25600,90,0,Unsecured Personal Loan,0
100554,41,32400,Contract,4,5400,36,12.52,750,8700,0,0,Unsecured Personal Loan,0
100555,34,43600,Employed,1,2800,36,8.83,718,17900,0,0,Unsecured Personal Loan,0
100556,33,57300,Employed,1.8,16900,12,11.18,796,2100,10,0,Unsecured Personal Loan,0
100557,34,24300,Employed,5.5,12600,24,2.76,643,53800,60,1,Unsecured Personal Loan,0
100558,42,76600,Unemployed,16.8,9800,36,11.23,646,28200,20,0,Unsecured Personal Loan,0
100559,34,31700,Employed,0.3,15500,36,14.19,576,8100,0,0,Unsecured Personal Loan,0
100560,41,35900,Self-Employed,11.1,12900,36,3.54,646,2500,10,0,Auto Loan,0
100561,59,25000,Self-Employed,4.3,26300,48,9.81,757,12100,120,0,Mortgage,0
100562,47,10800,Self-Employed,4.1,14100,24,7.5,784,3600,0,0,Unsecured Personal Loan,0
100563,35,56500,Employed,3.5,8500,36,2.87,757,13500,10,0,Mortgage,0
100564,50,52500,Unemployed,0.4,24200,12,8.98,536,13200,0,0,Mortgage,0
100565,34,31600,Employed,0.5,11700,36,10,767,5100,0,0,Mortgage,0
100566,18,37600,Employed,4.6,18300,48,5.7,533,21700,0,0,Mortgage,0
100567,28,,Contract,2.1,10000,36,11,752,17400,0,0,Unsecured Personal Loan,0
100568,19,16600,Unemployed,12.5,9000,60,2.5,651,19600,0,2,Unsecured Personal Loan,0
100569,34,27900,Employed,2.6,14100,24,3.02,736,10000,0,0,Auto Loan,0
100570,38,54000,Employed,0.8,13500,36,7.91,573,3700,0,0,Auto Loan,0
100571,55,19400,Employed,6.3,17800,24,7.58,774,19600,0,0,Mortgage,0
100572,41,42100,Employed,1.7,11400,36,5.35,563,8200,30,1,Mortgage,0
100573,36,18400,Employed,3.7,4400,48,9.93,627,3700,0,0,Auto Loan,0
100574,46,45900,Employed,6,10300,36,9.09,600,25500,0,0,Unsecured Personal Loan,0
100575,18,35700,Employed,11.5,21500,48,10.07,540,43000,60,0,Unsecured Personal Loan,0
100576,40,16200,Unemployed,7.9,11200,24,7.13,688,9600,0,0,Unsecured Personal Loan,0
100577,46,65000,Self-Employed,5.6,11500,48,9.31,824,44900,0,1,Auto Loan,0
100578,23,25200,Self-Employed,5.7,24100,12,6.16,893,10600,0,0,Auto Loan,0
100579,49,24200,Employed,14.6,8700,48,13.66,688,7600,20,1,Mortgage,0
100580,41,40100,Retired,1.8,5300,24,5.06,769,6400,60,0,Auto Loan,0
100581,34,64500,Contract,0,12100,24,13.82,699,31100,60,0,Mortgage,0
100582,44,21900,Contract,,10000,36,7.6,720,5700,20,1,Auto Loan,0
100583,61,37500,Contract,1.2,7500,60,3.37,653,16600,0,0,Mortgage,0
100584,40,45000,Contract,5.4,12000,12,11.6,696,6700,0,0,Unsecured Personal Loan,0
100585,40,51400,Employed,5,17900,24,7.88,723,7200,0,0,Mortgage,0
100586,33,39700,Employed,4.5,13300,48,10.05,634,20400,0,0,Auto Loan,0
100587,30,30200,Self-Employed,0.1,16100,24,11.17,674,7600,10,0,Unsecured Personal Loan,1
100588,46,24000,Unemployed,6.5,39700,24,8.51,,7500,10,3,Unsecured Personal Loan,0
100589,29,37900,Unemployed,2,10900,36,5.72,746,21900,0,3,Mortgage,0
100590,39,21200,Employed,5.5,15800,24,10.43,595,30300,30,0,Unsecured Personal Loan,0
100591,33,8400,Employed,4.1,9800,60,7.5,676,15500,0,0,Unsecured Personal Loan,0
100592,43,45200,Employed,2.1,8000,48,9.56,833,6300,0,0,Unsecured Personal Loan,0
100593,41,57100,Contract,0.7,9400,36,1.04,773,6900,10,0,Auto Loan,0
100594,48,11100,Self-Employed,0.5,10000,60,8.84,788,10500,0,0,Mortgage,0
100595,33,21900,Employed,8.9,16600,36,5.58,682,12400,0,0,Unsecured Personal Loan,0
100596,35,49500,Employed,12.5,54700,12,12.46,706,5000,0,0,Unsecured Personal Loan,0
100597,28,101600,Employed,5.2,8700,24,9.37,760,16400,0,0,Mortgage,0
100598,34,36700,Contract,0.5,10400,36,8.22,805,10500,20,0,Auto Loan,0
100599,42,25200,Self-Employed,2.6,12900,24,8.96,524,3000,60,0,Mortgage,0
100600,46,33100,Unemployed,6.5,16900,60,4.5,575,5200,0,1,Unsecured Personal Loan,0
100601,29,72200,Employed,7.6,15600,48,12.37,785,7000,0,0,Unsecured Personal Loan,0
100602,47,26300,Self-Employed,0.6,28900,24,13.47,658,9400,10,0,Unsecured Personal Loan,0
100603,52,24400,Employed,0,3100,36,8.68,626,37100,60,0,Auto Loan,0
100604,42,28500,Unemployed,6.2,3200,48,12.27,580,11700,0,0,Unsecured Personal Loan,0
100605,57,22500,Employed,2.2,9900,60,5.79,636,5500,0,0,Unsecured Personal Loan,0
100606,30,38600,Employed,1.5,25800,48,5.11,,11600,20,0,Unsecured Personal Loan,0
100607,26,,Self-Employed,0.1,5200,36,7.62,847,7700,0,3,Unsecured Personal Loan,0
100608,20,42700,Contract,3.9,2200,48,8.8,678,12400,0,0,Mortgage,0
100609,53,32000,Employed,9.5,18800,36,6.32,675,14900,0,0,Unsecured Personal Loan,0
100610,45,31400,Contract,15.8,15500,36,9.11,727,23100,0,0,Auto Loan,0
100611,37,16600,Employed,,6900,12,8.42,757,9700,0,2,Mortgage,1
100612,41,56500,Employed,3.6,7400,12,4.51,756,31200,0,1,Unsecured Personal Loan,1
100613,27,34900,Employed,0.4,7500,36,9.06,766,18700,30,1,Auto Loan,0
100614,62,33200,Employed,4,14300,24,10.09,630,6000,0,0,Mortgage,0
100615,39,179300,Employed,2.4,9200,12,8.01,656,46500,0,3,Mortgage,0
100616,39,42200,Employed,4.7,18000,48,10.96,742,12400,0,0,Unsecured Personal Loan,0
100617,45,24900,Employed,2.5,2400,12,3.85,638,5500,30,0,Unsecured Personal Loan,0
100618,43,29300,Contract,1.4,8000,36,8.9,680,31500,0,1,Unsecured Personal Loan,0
100619,40,64500,Employed,0.5,6800,36,3.99,712,42400,0,2,Auto Loan,0
100620,30,38400,Unemployed,1.9,11500,60,4.16,743,9700,0,0,Auto Loan,0
100621,43,17700,Employed,0.5,9700,36,5.61,538,7000,20,0,Auto Loan,0
100622,57,57500,Self-Employed,1,21600,12,4.67,,8800,0,0,Unsecured Personal Loan,0
100623,51,26000,Employed,21.8,4400,36,5.86,661,16300,0,0,Unsecured Personal Loan,0
100624,54,92700,Employed,2.9,13700,48,6.86,737,24200,0,0,Auto Loan,0
100625,33,,Employed,3.8,18700,60,10.01,742,14800,30,3,Unsecured Personal Loan,1
100626,28,29000,Employed,10.3,40700,36,6.54,809,10600,0,0,Auto Loan,0
100627,37,68900,Employed,27.1,10000,24,2.74,788,28200,10,1,Unsecured Personal Loan,0
100628,39,37600,Self-Employed,4.4,16200,60,10.92,788,8000,30,1,Unsecured Personal Loan,0
100629,49,55600,Contract,8.4,4500,24,4.99,795,20400,60,0,Unsecured Personal Loan,0
100630,21,46300,Contract,2,3200,36,7.32,703,8100,0,1,Unsecured Personal Loan,0
100631,53,23800,Self-Employed,1.8,22200,36,8.84,683,13400,90,0,Unsecured Personal Loan,1
100632,36,26300,Employed,,13300,12,8.1,750,9100,0,0,Unsecured Personal Loan,0
100633,34,60800,Employed,,27100,24,10.78,739,9500,0,0,Unsecured Personal Loan,0
100634,28,,Employed,5.7,5900,24,8.94,655,7600,30,0,Unsecured Personal Loan,0
100635,21,29700,Employed,1.9,18300,36,4.92,,25400,0,1,Unsecured Personal Loan,0
100636,46,22500,Employed,0.7,41000,60,14.04,677,5900,0,3,Auto Loan,0
100637,39,44900,Employed,,17200,24,8.08,612,5900,0,0,Unsecured Personal Loan,0
100638,25,101900,Employed,0.7,15800,48,7.06,783,43700,0,1,Auto Loan,0
100639,25,21300,Employed,4.3,13400,12,10.39,684,19600,0,0,Auto Loan,0
100640,35,,Contract,5.9,5200,36,8.25,844,1900,10,1,Auto Loan,0
100641,55,73600,Unemployed,6,30100,12,8.7,550,6700,30,0,Mortgage,0
100642,35,34900,Employed,7,9300,60,14.98,635,2800,10,0,Unsecured Personal Loan,0
100643,23,45500,Contract,,18100,48,6.67,683,5100,0,0,Auto Loan,0
100644,36,21300,Retired,3.5,5200,36,6.55,771,1100,60,0,Mortgage,1
100645,35,45000,Employed,6.6,6600,48,7.85,712,9000,0,0,Mortgage,0
100646,18,33100,Employed,4.8,31600,36,10.71,,4400,0,2,Unsecured Personal Loan,0
100647,37,59400,Employed,1,10800,60,2.98,590,10300,0,0,Unsecured Personal Loan,0
100648,36,65800,Contract,0.1,32000,48,1.6,587,3200,0,2,Unsecured Personal Loan,0
100649,45,132600,Contract,1.7,12700,60,5.74,706,10500,0,0,Auto Loan,0
100650,56,48500,Employed,2.9,4400,36,2.6,571,7400,0,0,Auto Loan,0
100651,49,42700,Employed,4.8,22800,12,6.23,637,28300,0,0,Unsecured Personal Loan,0
100652,35,40000,Self-Employed,9.5,9400,36,9.01,720,26600,0,0,Auto Loan,0
100653,27,30400,Employed,1.1,20300,12,4.83,601,17100,0,0,Auto Loan,0
100654,64,43000,Employed,,13600,36,3.22,808,7900,20,0,Unsecured Personal Loan,0
100655,39,31300,Contract,16.5,5300,36,7.71,778,39700,20,0,Mortgage,0
100656,38,39500,Self-Employed,0.6,14700,36,10.09,554,3300,0,0,Auto Loan,0
100657,38,70200,Contract,3.3,49900,12,2.42,605,3700,0,3,Unsecured Personal Loan,0
100658,40,22000,Contract,4.4,18000,24,9.96,497,9300,90,0,Auto Loan,0
100659,37,64200,Unemployed,3.9,12900,36,9.95,617,47900,0,0,Unsecured Personal Loan,0
100660,32,70200,Employed,0.4,25500,60,10.36,741,8600,30,0,Auto Loan,0
100661,33,34200,Self-Employed,0.3,15200,24,11.16,647,8700,0,1,Mortgage,0
100662,38,12600,Employed,0.6,15100,36,14.11,717,3600,60,1,Mortgage,0
100663,33,26800,Self-Employed,4.4,6900,48,6.43,558,19200,0,0,Unsecured Personal Loan,0
100664,31,69500,Employed,3.9,15400,36,7.83,744,19300,0,0,Unsecured Personal Loan,0
100665,39,35900,Self-Employed,1.3,99600,24,6.25,636,17200,10,0,Unsecured Personal Loan,0
100666,35,22000,Employed,5.1,8100,36,7.51,681,6400,0,0,Auto Loan,0
100667,53,28200,Employed,8.6,31400,24,12.1,673,6000,0,0,Unsecured Personal Loan,0
100668,18,55300,Employed,0.2,12600,60,3.46,578,4000,0,3,Auto Loan,0
100669,49,47700,Employed,3.4,7800,12,4.92,588,10500,10,0,Unsecured Personal Loan,0
100670,50,32200,Unemployed,5.8,24300,24,11.63,757,4600,0,0,Unsecured Personal Loan,0
100671,18,30200,Unemployed,1.5,11200,12,10.56,712,4300,0,1,Unsecured Personal Loan,0
100672,35,29900,Employed,1.8,21100,24,6.41,764,7400,0,0,Mortgage,0
100673,34,22900,Employed,4.8,11200,48,10.06,706,7000,0,0,Auto Loan,0
100674,24,81400,Employed,11.4,12900,24,8.52,691,6800,10,0,Unsecured Personal Loan,0
100675,30,30900,Employed,8.3,18000,12,12,542,13700,0,0,Unsecured Personal Loan,0
100676,27,66700,Employed,4.4,15900,36,7.72,658,10500,0,2,Auto Loan,0
100677,56,77700,Contract,6.6,4000,12,10.58,678,8100,0,0,Unsecured Personal Loan,0
100678,47,,Employed,2.3,6800,12,15.43,836,11200,0,0,Auto Loan,0
100679,51,29300,Employed,5.1,23300,48,9.29,,4900,0,0,Mortgage,0
100680,45,44400,Employed,3.1,12300,48,7.65,803,10700,0,2,Auto Loan,0
100681,27,35900,Employed,1.1,9800,60,9.67,728,11000,0,0,Auto Loan,0
100682,33,23100,Employed,6,5900,48,6.4,623,3500,90,0,Auto Loan,0
100683,43,42700,Self-Employed,4.1,7000,36,14.66,689,19900,0,2,Mortgage,0
100684,26,20100,Employed,2.2,4000,12,8.04,699,5300,10,0,Mortgage,0
100685,45,65800,Employed,,12600,48,6.68,605,10500,0,0,Auto Loan,0
100686,36,28800,Employed,0.1,9300,48,4.99,649,22400,0,0,Unsecured Personal Loan,0
100687,34,40200,Employed,,7500,48,10.79,664,18900,0,0,Unsecured Personal Loan,0
100688,45,41800,Employed,0.3,12800,36,10.1,808,10100,0,0,Unsecured Personal Loan,0
100689,42,31900,Retired,7.3,16600,24,6.01,514,7700,90,0,Auto Loan,0
100690,34,48700,Self-Employed,6.1,46900,48,9.23,776,19200,60,0,Auto Loan,0
100691,50,28600,Self-Employed,2,5400,48,2.97,605,15900,20,0,Unsecured Personal Loan,0
100692,27,56100,Employed,5.6,26800,60,8.05,570,6400,0,0,Unsecured Personal Loan,0
100693,44,18500,Employed,2.5,24000,24,8.86,774,5700,0,0,Unsecured Personal Loan,0
100694,44,38700,Employed,7.1,8400,24,12.62,739,2300,0,0,Mortgage,0
100695,35,95700,Self-Employed,3,15100,24,5.19,780,11000,60,3,Auto Loan,0
100696,41,22000,Unemployed,2.7,10200,48,3.66,744,9300,0,0,Auto Loan,0
100697,25,25900,Employed,13.6,14900,24,4.81,845,21900,0,2,Unsecured Personal Loan,0
100698,47,47000,Employed,1.4,33000,12,3.49,725,12700,0,0,Auto Loan,0
100699,36,39700,Employed,0.6,19200,60,11.51,667,25200,0,0,Unsecured Personal Loan,0
100700,33,43300,Contract,4.4,18100,12,12.15,707,6100,60,0,Auto Loan,1
100701,48,46400,Self-Employed,17.4,10300,48,8.46,779,22000,0,1,Unsecured Personal Loan,0
100702,31,49900,Employed,2.4,5500,24,11.16,618,6800,0,1,Unsecured Personal Loan,0
100703,24,63200,Employed,0.3,11800,48,7.9,628,17100,0,0,Unsecured Personal Loan,0
100704,22,44600,Self-Employed,2.1,27600,36,7.21,655,3600,30,2,Unsecured Personal Loan,0
100705,44,32200,Employed,3.5,5300,60,6.5,512,11700,0,0,Mortgage,0
100706,25,50800,Employed,0.9,7100,60,6.57,691,2500,30,0,Unsecured Personal Loan,0
100707,56,93900,Employed,5.4,14400,12,2.86,529,8200,0,3,Unsecured Personal Loan,0
100708,18,34000,Self-Employed,,7400,12,8.29,,13500,30,1,Auto Loan,0
100709,55,22300,Employed,,8300,24,7.38,749,6900,10,2,Mortgage,0
100710,40,63200,Employed,2.2,10400,36,9.74,642,4700,0,0,Unsecured Personal Loan,0
100711,37,34200,Contract,2.6,5900,48,7.78,814,17900,0,0,Auto Loan,0
100712,33,61500,Employed,0.6,7400,36,7.01,563,9200,0,0,Mortgage,0
100713,42,55500,Employed,10.7,20400,36,4.89,775,7000,0,0,Unsecured Personal Loan,0
100714,38,27800,Employed,2.7,6100,24,7.72,,10200,30,1,Unsecured Personal Loan,0
100715,49,34700,Employed,2.4,5100,48,9.71,543,62700,0,0,Unsecured Personal Loan,0
100716,39,42900,Unemployed,5.4,9200,60,4.07,897,22200,0,0,Mortgage,0
100717,40,39900,Employed,2.9,20700,24,7.76,675,22300,0,0,Unsecured Personal Loan,0
100718,34,51800,Employed,5.2,11900,36,8.2,610,13400,0,0,Unsecured Personal Loan,0
100719,37,29200,Self-Employed,0.3,10100,12,5.35,567,11100,30,0,Auto Loan,1
100720,41,46900,Self-Employed,8.4,13700,36,5.74,662,1800,0,0,Auto Loan,0
100721,21,31900,Self-Employed,14.1,4700,36,8.19,670,6200,90,1,Unsecured Personal Loan,0
100722,25,,Employed,5.2,18000,12,4.1,688,7100,60,0,Auto Loan,0
100723,45,49400,Employed,,16800,36,8.55,656,2700,0,1,Unsecured Personal Loan,0
100724,40,22700,Unemployed,0.8,10500,24,4.81,731,4400,0,0,Unsecured Personal Loan,0
100725,36,,Employed,3.2,24400,36,10.69,649,2500,30,0,Auto Loan,0
100726,38,27800,Contract,4.6,6800,36,14.51,525,9600,0,0,Mortgage,0
100727,41,54400,Contract,4.4,26300,12,4.92,668,17600,0,1,Unsecured Personal Loan,0
100728,33,43600,Contract,2.6,14700,48,9.1,491,21500,0,0,Mortgage,0
100729,30,91000,Employed,2.1,10900,48,5.32,708,13200,0,0,Auto Loan,0
100730,40,32500,Employed,0.7,13200,24,10.62,602,5000,20,0,Unsecured Personal Loan,0
100731,28,30500,Unemployed,2.5,12500,12,3.7,693,2600,0,0,Auto Loan,0
100732,42,,Employed,0.9,111200,48,8.94,785,2900,0,1,Unsecured Personal Loan,1
100733,21,31200,Employed,6.6,7000,60,4.88,,4100,60,1,Mortgage,0
100734,48,54200,Contract,1.2,8500,24,6.88,765,5300,20,0,Mortgage,0
100735,43,16200,Contract,0.3,24900,24,4.41,645,8900,0,0,Unsecured Personal Loan,0
100736,41,21400,Employed,4,9300,24,9.97,820,4900,20,1,Unsecured Personal Loan,1
100737,48,21300,Employed,4.5,22900,36,4.99,651,12500,0,0,Unsecured Personal Loan,0
100738,55,58400,Employed,10.3,37000,24,9.16,613,8400,20,0,Unsecured Personal Loan,0
100739,48,85400,Contract,4.3,10500,24,6.47,735,10000,0,0,Unsecured Personal Loan,0
100740,20,34500,Contract,2.1,20100,36,7.16,645,22000,0,0,Unsecured Personal Loan,0
100741,25,33400,Employed,8.1,6700,36,7.94,613,4300,10,0,Auto Loan,0
100742,32,37600,Employed,3.9,21000,24,5.21,642,13300,0,1,Unsecured Personal Loan,1
100743,38,64900,Contract,0.4,15100,36,8.13,676,9800,120,0,Mortgage,0
100744,43,22800,Employed,4.2,17700,36,12.09,787,7800,0,0,Mortgage,1
100745,31,40900,Employed,11.9,9100,12,5.17,525,18400,60,1,Unsecured Personal Loan,1
100746,40,59100,Retired,2.5,4900,12,11.02,682,18300,60,0,Mortgage,1
100747,30,46700,Employed,1.8,18100,48,11.99,730,5100,0,0,Unsecured Personal Loan,0
100748,32,39900,Self-Employed,0.8,3900,12,5.05,695,8700,20,0,Unsecured Personal Loan,0
100749,24,59900,Employed,0.8,11000,48,3.13,785,12100,0,0,Auto Loan,0
100750,29,9400,Employed,2.8,23500,60,8.41,674,8200,60,2,Unsecured Personal Loan,1
100751,24,51000,Contract,4.5,15000,24,5.86,665,14900,0,1,Auto Loan,0
100752,28,26200,Employed,,43000,24,13.11,727,12100,10,0,Mortgage,0
100753,49,14500,Retired,14,24700,36,7.6,688,35700,0,0,Mortgage,0
100754,29,46900,Self-Employed,7,9000,48,5.09,649,3400,0,0,Auto Loan,0
100755,64,72200,Employed,4.4,13600,60,4.06,721,9100,0,2,Auto Loan,0
100756,43,33900,Employed,8.8,13000,48,10.77,628,5200,0,0,Unsecured Personal Loan,0
100757,40,58500,Employed,0.4,5200,12,5.79,631,15100,20,0,Unsecured Personal Loan,0
100758,29,81300,Employed,3.2,7600,36,7.63,638,3200,0,0,Auto Loan,0
100759,45,70100,Employed,5,9500,36,10.37,788,12600,10,0,Unsecured Personal Loan,0
100760,32,82500,Employed,8.8,3900,36,6.05,422,6400,0,0,Unsecured Personal Loan,0
100761,39,52600,Employed,7.7,13700,12,7.36,712,5900,0,0,Unsecured Personal Loan,0
100762,64,37700,Unemployed,1.6,11500,24,7.45,683,3600,0,1,Auto Loan,0
100763,37,16300,Self-Employed,14.1,4900,48,9.55,546,7100,20,0,Unsecured Personal Loan,0
100764,49,32100,Unemployed,0.7,17000,36,9.27,705,21100,120,2,Auto Loan,0
100765,31,23800,Employed,10.4,20500,24,6.84,718,9700,0,0,Unsecured Personal Loan,0
100766,38,107500,Employed,17.7,15300,24,7.69,727,15400,0,0,Unsecured Personal Loan,0
100767,56,33300,Self-Employed,1,11000,48,6.38,468,31700,0,2,Unsecured Personal Loan,1
100768,32,38600,Employed,6.4,19100,48,3.07,789,11900,10,0,Unsecured Personal Loan,0
100769,56,47800,Employed,0.2,20100,24,8.27,621,6700,0,1,Mortgage,0
100770,45,37100,Contract,2.6,16100,12,13.18,735,13700,20,1,Unsecured Personal Loan,0
100771,32,84800,Unemployed,3.6,8100,24,4.85,739,6800,0,0,Unsecured Personal Loan,0
100772,44,26600,Employed,4.3,15800,60,5.18,610,7000,20,0,Auto Loan,0
100773,48,40000,Employed,13.7,27400,36,4.89,733,3400,10,0,Unsecured Personal Loan,0
100774,44,25100,Unemployed,5.6,9300,36,9.67,649,18900,0,0,Unsecured Personal Loan,0
100775,22,18800,Self-Employed,3.3,47000,36,8.85,514,7600,0,0,Unsecured Personal Loan,0
100776,31,,Unemployed,8.3,38800,24,7.02,773,11200,0,0,Mortgage,0
100777,36,35600,Unemployed,15,13600,48,4.75,618,4800,0,0,Auto Loan,0
100778,37,29300,Contract,0.1,8900,36,7.78,,13400,30,0,Unsecured Personal Loan,0
100779,44,25700,Employed,20.2,15300,12,2.81,648,5800,0,0,Unsecured Personal Loan,0
100780,40,18000,Employed,0.5,4700,12,7.93,702,9000,30,3,Unsecured Personal Loan,0
100781,25,,Self-Employed,8.4,9600,36,10.11,675,18300,0,0,Unsecured Personal Loan,0
100782,42,17100,Self-Employed,1.6,6900,60,3.75,724,17200,0,0,Auto Loan,0
100783,44,53100,Unemployed,0.7,14500,24,2.9,573,9700,0,0,Mortgage,0
100784,44,37800,Employed,2.9,24300,48,12.24,621,2900,0,3,Unsecured Personal Loan,0
100785,49,17500,Employed,5.2,19700,48,5.66,671,80400,0,3,Mortgage,0
100786,46,31100,Contract,2.4,3200,24,10.91,832,33600,0,0,Unsecured Personal Loan,0
100787,43,24900,Unemployed,0.3,45500,12,7.04,671,16400,0,1,Unsecured Personal Loan,0
100788,37,42600,Contract,4.6,15900,12,7.01,767,5800,0,0,Unsecured Personal Loan,0
100789,21,71000,Unemployed,11.6,8400,48,8.82,683,9100,0,3,Unsecured Personal Loan,0
100790,42,14200,Self-Employed,2.4,14700,24,4.85,641,6800,0,0,Mortgage,0
100791,40,38500,Self-Employed,1.2,14800,24,7.9,660,24000,0,0,Unsecured Personal Loan,0
100792,41,33500,Contract,2.9,9000,36,6.36,667,11900,60,0,Unsecured Personal Loan,0
100793,25,50800,Self-Employed,0.2,15000,48,3.54,728,5700,0,0,Mortgage,0
100794,27,40400,Self-Employed,8.6,9300,12,8.51,790,7100,20,1,Mortgage,1
100795,49,24900,Employed,8.8,10500,36,6.71,709,21700,0,0,Auto Loan,0
100796,38,31000,Employed,4.4,8900,36,7.03,775,30300,10,3,Mortgage,1
100797,45,24400,Unemployed,2.2,5700,36,3.87,603,28800,0,0,Unsecured Personal Loan,0
100798,38,62200,Employed,8,14600,48,12.27,647,16800,60,0,Mortgage,0
100799,38,36700,Employed,4,19000,24,10.13,622,8300,0,0,Auto Loan,0
100800,47,94000,Employed,8.7,18200,48,10.39,,1000,30,0,Mortgage,0
100801,33,35200,Employed,5,21800,36,6.58,651,12200,0,1,Auto Loan,0
100802,39,25500,Employed,7.7,16200,36,2.31,738,9900,0,0,Unsecured Personal Loan,0
100803,33,17000,Employed,4.6,9700,36,13.36,606,10900,10,0,Auto Loan,0
100804,34,14700,Contract,2.7,22100,36,7.32,683,10300,0,0,Unsecured Personal Loan,0
100805,35,16400,Employed,15.8,5900,12,5.25,735,3900,0,0,Unsecured Personal Loan,0
100806,40,41500,Employed,3.9,7800,36,8.75,515,14600,0,3,Unsecured Personal Loan,1
100807,33,46800,Employed,4.6,7500,36,11,850,15400,0,0,Mortgage,0
100808,51,16500,Self-Employed,1.2,25500,36,7.43,657,16000,90,1,Unsecured Personal Loan,0
100809,29,56800,Employed,4.9,23500,24,11.34,518,19200,0,0,Auto Loan,0
100810,36,28500,Contract,4.2,17900,60,10.75,693,15100,20,0,Unsecured Personal Loan,0
100811,34,39100,Self-Employed,1,25400,36,4.27,683,7400,0,2,Mortgage,0
100812,52,81300,Unemployed,0.3,7900,12,5.48,673,9400,0,0,Unsecured Personal Loan,0
100813,40,56900,Employed,4.6,16500,36,10.37,759,10500,60,0,Auto Loan,0
100814,48,31800,Self-Employed,7.2,12400,48,-0.64,740,10700,30,0,Mortgage,0
100815,23,,Employed,3.7,22200,48,7.05,704,19900,20,0,Unsecured Personal Loan,0
100816,41,12400,Contract,1.3,12500,36,3.21,716,15500,0,1,Unsecured Personal Loan,0
100817,47,25300,Self-Employed,5.5,10600,48,6.07,672,42400,0,0,Auto Loan,0
100818,39,32700,Employed,0.4,18500,24,6.6,822,46400,0,2,Mortgage,0
100819,49,22200,Employed,2.9,22600,36,6.43,562,10500,0,0,Auto Loan,0
100820,33,34000,Employed,0.9,8900,48,5.84,691,700,0,0,Unsecured Personal Loan,0
100821,52,37700,Self-Employed,1,12900,48,4.21,685,23500,30,0,Mortgage,0
100822,61,32500,Employed,1.1,7100,36,14.38,745,6800,30,0,Unsecured Personal Loan,0
100823,34,26200,Self-Employed,2.4,3000,48,13.1,612,5600,0,3,Auto Loan,0
100824,34,39500,Employed,0.3,15100,12,4.01,541,7500,0,0,Mortgage,0
100825,53,45300,Self-Employed,2.5,19300,48,12.25,693,7200,30,0,Unsecured Personal Loan,0
100826,54,21100,Contract,3.6,15600,24,6.3,702,15200,0,1,Auto Loan,1
100827,33,73500,Unemployed,3.3,4100,24,7.89,799,3300,0,1,Auto Loan,0
100828,34,34600,Unemployed,2.4,10800,24,7.31,578,4700,0,0,Mortgage,0
100829,35,36700,Employed,9.1,3500,36,5.52,772,12600,0,1,Unsecured Personal Loan,1
100830,25,51700,Employed,0.8,30400,24,10.45,869,15300,120,0,Unsecured Personal Loan,0
100831,29,40800,Self-Employed,3.5,7000,24,7.88,650,15500,0,0,Mortgage,0
100832,28,58500,Employed,,28400,12,6.07,577,5700,0,0,Unsecured Personal Loan,0
100833,30,41900,Employed,0.4,23600,24,3.59,,5000,0,0,Unsecured Personal Loan,0
100834,38,26700,Employed,4.3,7800,36,4.82,681,6900,60,0,Mortgage,0
100835,40,43500,Employed,4.2,6800,36,2.58,725,11700,30,0,Unsecured Personal Loan,0
100836,54,20500,Employed,10.5,16500,24,7.54,,28000,0,0,Mortgage,1
100837,28,38300,Contract,4.1,8000,48,3.91,804,2400,0,1,Unsecured Personal Loan,0
100838,48,35700,Employed,16.1,14200,48,6.7,591,8500,0,3,Unsecured Personal Loan,0
100839,36,32700,Self-Employed,0.2,10000,48,11.61,541,3900,0,1,Auto Loan,0
100840,38,34100,Employed,0.5,4600,24,11.1,769,3100,10,0,Auto Loan,0
100841,45,14200,Self-Employed,0.2,3500,48,7.4,498,19500,0,0,Auto Loan,0
100842,27,27600,Employed,1,15300,24,7.24,664,14500,0,0,Auto Loan,0
100843,42,38000,Contract,3.9,9500,12,13.14,929,13600,10,0,Mortgage,0
100844,40,196500,Contract,5.2,9600,24,9.06,679,18900,0,0,Unsecured Personal Loan,0
100845,43,21700,Employed,0.2,20300,48,6.52,590,7100,30,0,Unsecured Personal Loan,0
100846,41,68400,Contract,14.6,27000,24,3.22,675,7300,0,0,Unsecured Personal Loan,0
100847,63,23600,Retired,9.2,11300,12,8.68,676,45700,0,0,Auto Loan,0
100848,32,59000,Contract,1.8,10900,12,9.99,693,8300,120,0,Unsecured Personal Loan,0
100849,33,45000,Contract,0.4,18000,48,5.61,733,16600,0,0,Unsecured Personal Loan,0
100850,32,26300,Employed,0.9,5900,36,8.37,597,9900,10,0,Unsecured Personal Loan,0
100851,32,441000,Self-Employed,0.7,15300,24,6.41,815,2700,0,0,Unsecured Personal Loan,0
100852,32,20000,Employed,0.7,18600,36,6.95,700,2400,0,0,Unsecured Personal Loan,0
100853,50,57500,Employed,3.7,20100,36,0.04,738,6600,10,0,Auto Loan,0
100854,52,59900,Retired,1.4,4200,36,6.83,630,20700,0,0,Unsecured Personal Loan,0
100855,32,26000,Employed,2.2,8500,24,10.41,783,17200,30,0,Mortgage,0
100856,30,,Unemployed,22.8,7900,48,5.61,659,18800,0,1,Auto Loan,0
100857,43,32000,Contract,5.8,14200,24,7.66,702,5000,0,1,Unsecured Personal Loan,0
100858,32,42000,Contract,14.9,17800,36,5.23,605,30700,0,0,Auto Loan,0
100859,44,41400,Retired,0.8,32800,12,8.58,600,5000,0,0,Unsecured Personal Loan,0
100860,40,34000,Employed,2.4,9900,24,6.85,735,11500,0,0,Auto Loan,0
100861,23,54500,Employed,4,9900,24,4.68,645,9800,0,0,Mortgage,0
100862,53,54000,Employed,0.4,26600,36,11.5,,8800,0,0,Auto Loan,0
100863,56,15100,Employed,0,16000,12,10.29,629,25300,0,0,Auto Loan,0
100864,32,69700,Employed,5.5,28600,48,5.69,736,6000,20,0,Unsecured Personal Loan,0
100865,34,15800,Employed,5.1,15900,24,8.99,630,3800,0,1,Unsecured Personal Loan,0
100866,41,60900,Unemployed,2.6,6700,36,9.11,671,10000,60,1,Mortgage,1
100867,41,63800,Self-Employed,3.4,6000,48,9.43,681,7500,0,0,Unsecured Personal Loan,0
100868,45,21000,Employed,2.7,5300,36,2.42,,105300,0,0,Unsecured Personal Loan,0
100869,58,29600,Self-Employed,0.1,19900,48,10.52,562,15900,20,0,Unsecured Personal Loan,0
100870,36,20900,Employed,2,27300,36,5.79,707,7400,0,0,Auto Loan,0
100871,30,32600,Employed,1,40500,24,6.43,621,4700,0,3,Unsecured Personal Loan,0
100872,24,31100,Unemployed,0.5,22200,48,15.41,765,2700,0,0,Mortgage,0
100873,31,53600,Self-Employed,15.7,26800,24,8.41,757,4800,0,0,Unsecured Personal Loan,0
100874,38,69900,Unemployed,4.6,9400,36,6.34,738,10700,0,1,Unsecured Personal Loan,0
100875,56,73000,Employed,6.5,6700,48,0.88,,26900,120,1,Auto Loan,0
100876,33,27400,Contract,1.9,22200,24,11.67,673,21700,0,1,Unsecured Personal Loan,0
100877,40,32700,Self-Employed,2.5,17200,24,3.46,732,11600,30,0,Auto Loan,0
100878,38,15700,Self-Employed,1.4,14200,36,4.49,633,7900,10,0,Unsecured Personal Loan,0
100879,50,24300,Self-Employed,0.5,16900,48,6.51,876,11900,0,0,Unsecured Personal Loan,0
100880,63,58800,Contract,1,16200,60,11.75,839,6900,0,0,Unsecured Personal Loan,0
100881,33,81500,Self-Employed,8,28900,36,9.82,681,33000,30,3,Mortgage,0
100882,33,19600,Self-Employed,5.7,29100,36,7.03,,8700,30,0,Auto Loan,0
100883,48,27000,Retired,4,18500,60,8.42,789,9300,0,2,Auto Loan,0
100884,45,35800,Unemployed,3.2,22200,12,5.7,668,2100,0,0,Unsecured Personal Loan,0
100885,56,41800,Employed,12.8,18200,24,7.92,627,8600,0,1,Auto Loan,0
100886,44,,Unemployed,0.4,10100,48,7.72,750,17800,0,0,Unsecured Personal Loan,0
100887,34,224500,Employed,1.6,21000,48,10.41,686,4700,0,3,Mortgage,0
100888,44,28700,Employed,2.2,5800,48,10.4,695,5900,30,0,Auto Loan,0
100889,49,36100,Self-Employed,7.6,25100,36,8.98,613,17200,0,0,Auto Loan,0
100890,46,47700,Contract,,6500,12,6.41,543,3500,10,1,Unsecured Personal Loan,0
100891,43,36400,Contract,1.4,15900,36,9.73,699,20800,0,0,Auto Loan,0
100892,49,29200,Employed,10.4,8000,24,7.22,752,6800,0,0,Unsecured Personal Loan,0
100893,50,34400,Employed,8.9,74400,24,4.25,662,7500,0,3,Mortgage,0
100894,52,34700,Employed,1.3,13100,48,6.29,795,4500,10,0,Unsecured Personal Loan,0
100895,44,30200,Retired,2.5,5100,12,7.75,624,12900,30,0,Unsecured Personal Loan,0
100896,36,31900,Retired,2.6,17200,48,10.23,596,55400,10,0,Unsecured Personal Loan,0
100897,39,80800,Self-Employed,19.1,9400,36,6.95,675,17100,0,1,Unsecured Personal Loan,1
100898,50,48100,Contract,1,22700,36,3.87,673,5400,0,0,Unsecured Personal Loan,0
100899,30,31300,Unemployed,8,13400,12,7.67,742,21900,0,0,Mortgage,0
100900,42,51500,Self-Employed,2,16900,24,7.84,,7900,0,0,Auto Loan,0
100901,34,30700,Employed,6.6,7500,12,8.06,789,25900,20,0,Mortgage,0
100902,38,65300,Employed,2.7,9400,60,10.26,837,17400,0,0,Mortgage,0
100903,51,43700,Self-Employed,4.3,10100,48,10.56,677,1300,30,0,Unsecured Personal Loan,0
100904,40,34400,Self-Employed,8.9,22300,36,5.72,780,4900,0,0,Auto Loan,0
100905,38,45400,Employed,8.2,36500,24,5.65,,19200,10,0,Unsecured Personal Loan,0
100906,24,16600,Contract,10.1,8200,60,4.38,766,11000,90,0,Mortgage,0
100907,45,20700,Employed,0.3,25500,24,9.6,764,4800,0,0,Unsecured Personal Loan,1
100908,44,20000,Employed,5.9,3600,24,11.85,749,6400,60,0,Unsecured Personal Loan,0
100909,60,39000,Self-Employed,0.8,26000,36,6.55,679,2600,0,0,Unsecured Personal Loan,0
100910,35,86400,Self-Employed,,7500,60,6.78,444,9300,0,0,Unsecured Personal Loan,0
100911,40,110800,Self-Employed,4,5900,12,11.9,629,46500,30,0,Unsecured Personal Loan,0
100912,40,50000,Employed,2.6,5200,24,9.02,630,17400,60,0,Unsecured Personal Loan,0
100913,54,46600,Employed,3.7,17100,60,8.81,602,45900,0,0,Auto Loan,0
100914,37,,Self-Employed,28.3,11700,24,3.93,690,18400,0,0,Mortgage,0
100915,41,27700,Self-Employed,0.7,16800,12,9.54,,20300,10,0,Unsecured Personal Loan,0
100916,44,24500,Employed,5.6,20200,36,4.71,614,39400,30,0,Unsecured Personal Loan,0
100917,40,,Unemployed,2.5,15700,48,4.1,595,12900,0,0,Mortgage,0
100918,34,33400,Employed,0.7,19800,36,6.46,623,8700,20,2,Unsecured Personal Loan,0
100919,40,28700,Self-Employed,0.9,12800,60,5.74,770,20400,0,0,Mortgage,0
100920,49,13500,Contract,,6600,36,6.84,627,27400,0,0,Unsecured Personal Loan,0
100921,28,52800,Employed,10.6,100800,12,3.18,639,7100,0,0,Auto Loan,0
100922,39,21200,Employed,11.9,9400,60,10.38,643,6000,0,0,Auto Loan,0
100923,31,40900,Unemployed,23.9,7600,36,10.88,707,10900,60,0,Auto Loan,0
100924,50,102400,Self-Employed,1.2,12000,24,1.66,716,17700,0,0,Mortgage,0
100925,23,22900,Self-Employed,2.2,7700,36,10.44,436,17300,90,1,Unsecured Personal Loan,1
100926,32,10200,Contract,5.5,10400,24,5.07,762,3700,0,0,Unsecured Personal Loan,0
100927,42,157500,Contract,3.3,16400,12,10.07,795,37700,10,0,Auto Loan,0
100928,54,63000,Retired,2.7,16500,12,7.29,596,6300,20,0,Mortgage,0
100929,37,96700,Employed,2.2,7800,36,7.59,602,8200,10,0,Unsecured Personal Loan,0
100930,32,19600,Employed,4.5,10000,48,6.94,644,5300,0,0,Mortgage,0
100931,57,46600,Employed,4.3,25500,36,11.14,620,65400,0,0,Unsecured Personal Loan,0
100932,24,28800,Employed,0.9,18000,60,3.78,698,11700,30,0,Unsecured Personal Loan,0
100933,18,,Self-Employed,3.2,46400,24,9.32,524,5500,30,0,Auto Loan,0
100934,42,136200,Employed,4,27100,24,10.8,591,18100,0,1,Unsecured Personal Loan,0
100935,33,17100,Contract,4.2,26500,24,9.65,803,17000,30,0,Auto Loan,0
100936,28,41200,Self-Employed,1.2,5800,24,14.47,606,8700,0,1,Unsecured Personal Loan,0
100937,45,45900,Self-Employed,6.8,21100,24,5.91,779,17800,0,0,Unsecured Personal Loan,0
100938,40,62500,Employed,0.1,12900,48,10.37,708,5600,30,0,Auto Loan,0
100939,32,38100,Employed,2.2,9600,60,7.18,535,7000,0,2,Auto Loan,1
100940,25,42400,Employed,7.6,14800,60,11.2,731,2400,20,0,Unsecured Personal Loan,0
100941,47,29900,Employed,4.1,23600,24,7.48,671,3900,0,1,Unsecured Personal Loan,0
100942,45,41500,Employed,1.5,18000,48,6.34,644,35100,0,0,Unsecured Personal Loan,0
100943,37,30600,Self-Employed,5.9,7900,24,11.42,,31200,0,0,Unsecured Personal Loan,0
100944,56,49600,Contract,4.2,20900,12,6.03,718,10400,0,0,Mortgage,0
100945,27,30200,Contract,8,9100,48,3.26,737,31700,20,0,Mortgage,0
100946,23,43900,Self-Employed,6.6,15200,36,5.95,774,8800,0,2,Unsecured Personal Loan,0
100947,31,35800,Employed,4.7,11100,24,9.36,713,8300,0,1,Unsecured Personal Loan,1
100948,38,63800,Contract,3.3,11700,36,11.68,570,10300,0,0,Mortgage,0
100949,40,35400,Contract,0.7,21200,24,7.83,642,9100,0,0,Auto Loan,0
100950,36,15000,Employed,1.5,7200,48,11.45,915,8500,20,0,Auto Loan,0
100951,42,,Unemployed,2.7,42900,36,3.43,,22000,0,0,Auto Loan,0
100952,25,23100,Employed,4.6,4500,60,6.17,870,11000,0,0,Unsecured Personal Loan,0
100953,52,26200,Contract,3.6,9300,12,6.63,792,16300,60,0,Unsecured Personal Loan,0
100954,37,27000,Retired,1.7,16700,24,7.16,699,20400,10,0,Mortgage,0
100955,49,,Employed,0,19000,36,7.75,704,13000,20,0,Auto Loan,0
100956,41,12500,Contract,,12600,36,9.57,677,5000,0,1,Unsecured Personal Loan,0
100957,43,174400,Self-Employed,,12900,24,6.17,541,3800,0,2,Unsecured Personal Loan,0
100958,44,61600,Retired,6.6,17100,48,7.92,681,11000,30,1,Unsecured Personal Loan,0
100959,42,40600,Employed,0.1,11600,48,7.36,777,8800,10,1,Auto Loan,0
100960,44,35300,Contract,4.4,30800,60,4.72,632,10500,0,0,Unsecured Personal Loan,0
100961,51,41900,Employed,14.2,22100,48,7.16,713,9800,10,0,Unsecured Personal Loan,0
100962,40,47100,Employed,1,22600,48,7.07,748,60400,0,0,Mortgage,0
100963,45,50100,Employed,3.2,7500,36,7,607,3900,0,1,Unsecured Personal Loan,0
100964,37,47900,Retired,0.5,12700,48,7.6,644,2500,20,2,Unsecured Personal Loan,0
100965,52,38000,Contract,4.9,11200,24,7.73,599,12500,10,0,Unsecured Personal Loan,0
100966,31,32900,Contract,4,7300,24,6.2,614,7600,0,1,Unsecured Personal Loan,0
100967,56,33700,Contract,2.6,16600,24,11.32,577,12300,30,0,Unsecured Personal Loan,1
100968,38,32900,Employed,3.7,9700,36,3.99,608,14900,0,0,Mortgage,0
100969,24,64000,Employed,11.3,19800,24,5.34,794,24300,0,0,Mortgage,0
100970,39,48900,Employed,1.1,7000,60,15.84,607,3400,30,0,Unsecured Personal Loan,0
100971,31,8300,Employed,0.1,37500,24,4.39,690,6700,20,0,Unsecured Personal Loan,0
100972,46,50400,Employed,9.9,7800,12,3.44,640,13400,0,0,Auto Loan,0
100973,31,40000,Employed,4.3,15200,36,9.7,774,17000,0,0,Unsecured Personal Loan,0
100974,34,36000,Employed,11.1,21500,12,1.27,785,46000,0,0,Unsecured Personal Loan,0
100975,19,29900,Employed,4.5,9500,12,6.79,749,19300,10,0,Mortgage,0
100976,33,63700,Employed,8.3,22300,24,13.94,,9500,0,0,Unsecured Personal Loan,0
100977,18,58300,Employed,2.8,6400,36,2.87,662,5300,30,0,Unsecured Personal Loan,0
100978,22,24700,Retired,6.9,31900,36,1.55,585,6700,60,0,Unsecured Personal Loan,0
100979,46,44500,Unemployed,12.2,13500,48,3,835,6500,20,0,Unsecured Personal Loan,0
100980,46,22300,Retired,,9300,48,10.2,619,15700,0,1,Unsecured Personal Loan,0
100981,42,18200,Employed,1,11200,36,10.87,733,11800,20,0,Unsecured Personal Loan,0
100982,28,26500,Employed,1.6,21700,24,5.96,765,3900,0,0,Unsecured Personal Loan,0
100983,38,55900,Unemployed,1.1,9400,24,9.55,636,7300,0,1,Auto Loan,0
100984,38,58500,Employed,,8500,48,11.67,763,18300,0,1,Unsecured Personal Loan,0
100985,26,,Employed,1.8,11700,12,12.86,741,12700,0,1,Unsecured Personal Loan,0
100986,53,52200,Employed,4,6600,12,6.76,818,14700,60,0,Auto Loan,0
100987,47,47000,Employed,4.4,39800,48,0.6,642,12900,0,0,Mortgage,0
100988,36,26400,Employed,2.8,9500,36,5.04,577,30900,0,0,Unsecured Personal Loan,0
100989,38,45100,Employed,4.8,22000,12,6.22,640,11700,90,0,Unsecured Personal Loan,0
100990,40,54200,Self-Employed,0.4,15100,24,6.72,697,7600,0,2,Unsecured Personal Loan,0
100991,18,53000,Employed,0.5,7400,60,6.94,685,5200,20,0,Auto Loan,0
100992,36,65800,Employed,0.9,13300,48,10.86,649,11800,0,0,Unsecured Personal Loan,0
100993,31,51700,Contract,3.6,21400,48,11.32,527,1800,0,0,Unsecured Personal Loan,0
100994,28,216500,Employed,1.2,11900,36,6.98,718,8700,60,0,Unsecured Personal Loan,0
100995,35,62000,Employed,1.7,27300,36,10.8,838,8600,0,0,Unsecured Personal Loan,0
100996,56,35800,Contract,2.6,24700,60,8.57,717,3800,0,0,Unsecured Personal Loan,0
100997,44,23400,Employed,8.4,23200,60,7.69,729,5200,0,1,Unsecured Personal Loan,0
100998,32,33500,Employed,0.1,10100,24,10.22,726,17400,0,2,Mortgage,0
100999,44,25000,Employed,5.2,7000,48,7.72,712,11600,0,0,Auto Loan,0
